"","Kingdom","Phylum","Class","Order","Family","Genus","Species"
"ATCGAACTCCTACGGGAGGCAGCATCCTTGTTTGAGTTGAATGTATCTCTAAAAGATTTGATGCCTTTATTTTTTGCACATTGTGGAAAGATAAGGAATGAAGGAACTATATTACTTTTTATTGATGAAATTCAAAATTCAGCAAAGGCAGTAGCGTTATTACGCTATTTCTATGAAGAATTACCTGATATTTATGTAATTGCTGCCGGTTCATTATTAGAAACCCTAGTAGTCCGTTCCAGATCGGAAGAGCACACGTCTGAACTCCAG","Bacteria","Proteobacteria","Alphaproteobacteria","Rickettsiales","Mitochondria",NA,NA
"GGAACGGACTACTAGGGTTTCTAATAATGAACCGGCAGCAATTACATAAATATCAGGTAATTCTTCATAGAAATAGCGTAATAACGCTACTGCCTTTGCTGAATTTTGAATTTCATCAATAAAAAGTAATATAGTTCCTTCATTCCTTATCTTTCCACAATGTGCAAAAAATAAAGGCATCAAATCTTTTAGAGATACATTCAACTCAAACAAGGATGCTGCCTCCCGTAGGAGTTCGATAGATCGGAAGAGCACACGTCTGAACTCCAG","Bacteria","Proteobacteria","Alphaproteobacteria","Rickettsiales","Mitochondria",NA,NA
"AATATGCGGACTACTCGGGTTTCTAATAATGAACCGGCAGCAATTACATAAATATCAGGTAATTCTTCATAGAAATAGCGTAATAACGCTACTGCCTTTGCTGAATTTTGAATTTCATCAATAAAAAGTAATATAGTTCCTTCATTCCTTATCTTTCCACAATGTGCAAAAAATAAAGGCATCAAATCTTTTAGAGATACATTCAACTCAAACAAGGATGCTGCCTCCCGTAGGAGTTGAGGTCAGATCGGAAGAGCACACGTCTGAACT","Bacteria","Proteobacteria","Alphaproteobacteria","Rickettsiales","Mitochondria",NA,NA
"AGAATGCAGGACTACTAGGGTTTCTAATAATGAACCGGCAGCAATTACATAAATATCAGGTAATTCTTCATAGAAATAGCGTAATAACGCTACTGCCTTTGCTGAATTTTGAATTTCATCAATAAAAAGTAATATAGTTCCTTCATTCCTTATCTTTCCACAATGTGCAAAAAATAAAGGCATCAAATCTTTTAGAGATACATTCAACTCAAACAAGGATGCTGCCTCCCGTAGGAGTTGAGGTGCAGATCGGAAGAGCACACGTCTGAA","Bacteria","Proteobacteria","Alphaproteobacteria","Rickettsiales","Mitochondria",NA,NA
"GACCTCAACTCCTACGGGAGGCAGCATCCTTGTTTGAGTTGAATGTATCTCTAAAAGATTTGATGCCTTTATTTTTTGCACATTGTGGAAAGATAAGGAATGAAGGAACTATATTACTTTTTATTGATGAAATTCAAAATTCAGCAAAGGCAGTAGCGTTATTACGCTATTTCTATGAAGAATTACCTGATATTTATGTAATTGCTGCCGGTTCATTATTAGAAACCCGAGTAGTCCGCATATTAGATCGGAAGAGCACACGTCTGAACT","Bacteria","Proteobacteria","Alphaproteobacteria","Rickettsiales","Mitochondria",NA,NA
"TCGAAACTCCTACGGGAGGCAGCATCCTTGTTTGAGTTGAATGTATCTCTAAAAGATTTGATGCCTTTATTTTTTGCACATTGTGGAAAGATAAGGAATGAAGGAACTATATTACTTTTTATTGATGAAATTCAAAATTCAGCAAAGGCAGTAGCGTTATTACGCTATTTCTATGAAGAATTACCTGATATTTATGTAATTGCTGCCGGTTCATTATTAGAAACCCTAGTAGTCCCTGAGAGATCGGAAGAGCACACGTCTGAACTCCAG","Bacteria","Proteobacteria","Alphaproteobacteria","Rickettsiales","Mitochondria",NA,NA
"AATATGCGGACTACTAGGGTTTCTAATAATGAACCGGCAGCAATTACATAAATATCAGGTAATTCTTCATAGAAATAGCGTAATAACGCTACTGCCTTTGCTGAATTTTGAATTTCATCAATAAAAAGTAATATAGTTCCTTCATTCCTTATCTTTCCACAATGTGCAAAAAATAAAGGCATCAAATCTTTTAGAGATACATTCAACTCAAACAAGGATGCTGCCTCCCGTAGGAGTTGAGGTCAGATCGGAAGAGCACACGTCTGAACT","Bacteria","Proteobacteria","Alphaproteobacteria","Rickettsiales","Mitochondria",NA,NA
"CTCAGGGACTACTAGGGTTTCTAATAATGAACCGGCAGCAATTACATAAATATCAGGTAATTCTTCATAGAAATAGCGTAATAACGCTACTGCCTTTGCTGAATTTTGAATTTCATCAATAAAAAGTAATATAGTTCCTTCATTCCTTATCTTTCCACAATGTGCAAAAAATAAAGGCATCAAATCTTTTAGAGATACATTCAACTCAAACAAGGATGCTGCCTCCCGTAGGAGTTTCGAAGATCGGAAGAGCACACGTCTGAACTCCAG","Bacteria","Proteobacteria","Alphaproteobacteria","Rickettsiales","Mitochondria",NA,NA
"CGACTGGACTACTAGGGTTTCTAACAAAAAAGGAGCGAATCTGCCTCCGTCGGTGAGGGCGTACTAGGAGAAGTTGAAAATTGAAAGTGAAGAGTTGAGAATTGAGAGTTTATGGACAAGAACTGAAAGATTAAGAATGAGAAATAGAATTATACAACTACTTTTACTGCTCTGCTGCCTCCCGTAGGAGTGAGAAAGATCGGAAGAGCACACGTCTGAACTCCAGTCACGTGTTCTAATCTCGTATGCCGTCTTCTGCTTGAAAAAAAA","Bacteria","Proteobacteria","Alphaproteobacteria","Rickettsiales","Mitochondria",NA,NA
"TTCTCACTCCTACGGGAGGCAGCAGAGCAGTAAAAGTAGTTGTATAATTCTATTTCTCATTCTTAATCTTTCAGTTCTTGTCCATAAACTCTCAATTCTCAACTCTTCACTTTCAATTTTCAACTTCTCCTAGTACGCCCTCACCGACGGAGGCAGATTCGCTCCTTTTTTGTTAGAAACCCTAGTAGTCCAGTCGAGATCGGAAGAGCACACGTCTGAACTCCAGTCACGTGTTCTAATCTCGTATGCCGTCTTCTGCTTGAAAAAAAA","Bacteria",NA,NA,NA,NA,NA,NA
"TACAGAGAGGACTACTAGGGTTTCTAATCCTGTTTGATACCCACACTTTCGAGCATCAGTGTCAGTTGCAGTCCAGTGAGCTGCCTTCGCAATCGGAGTTCTTCGTGATATCTAAGCATTTCACCGCTACACCACGAATTCCGCCCACCTCTACTGTACTCAAGACTGACAGTATCAACTGCAATTTTACGGTTGAGCCGCAAACTTTCACAACTGACTTACCAGTCCACCTACGCTCCCTTTAAACCCAATAAATCCGGATAACGCTCGGATCCTCCGTATTACCGCGGCTGCTGGCACGGAGTTAGCCGATCCTTATTCATACACGCGGCATGGCTGCATCAGGCTTGCGCCCATTGTGCAATATTCCCCACTGCTGCCTCCCGTAGGAGTTGGCAGTG","Bacteria",NA,NA,NA,NA,NA,NA
"TAGCGGAAGAGTTTGATCATGGCTCAGGATGAACGCTGGCGGCATGCTTAACACATGCAAGTCGGACGGGAAGTGGTGTTTCCAGTGGCGGACGGGTGAGTAACGCGTAAGAACCTGCCCTTGGGAGGGGAACAACAACTGGAAACGGTTGCTAATACCCCGTAGGCTGAGGAGCAAAAGGAGGAATCCGCCCGAGGAGGGGCTCGCGTCTGATTAGCTAGTTGGTGAGGCAATAGCTTACCAAGGCGATGATCAGTAGCTGGTCCGAGAGGATGATCAGCCACACTGGGACTGAGACACGGCCCAGACTCCTACGGAAGGCAGCAGACTTATG","Bacteria","Cyanobacteria","Cyanobacteriia","Chloroplast",NA,NA,NA
"GAGGAGGACTACTAGGGTTTCTAATCCTGTTCGATACCCGCACTTTCGAGCTTCAGCGTCAGTTGCGCTCCAGTGAGCTGCCTTCGCAATCGGAGTTCTTCGTGATATCTAAGCATTTCACCGCTACACCACGAATTCCGCCCACTTTGTGCGTACTCAAGGAAACCAGTTCGCGCTGCAGTGCAGACGTTGAGCGTAGATCGGAAGAGCACACGTCTGAACTCCAGTCACGCCACATAATCTCGTATGCCGTCTTCTGCTTGAAAAAAA","Bacteria",NA,NA,NA,NA,NA,NA
"GTCAAGGACTACTAGGGTATCTAATCCTGTTTGCTCCCCACACTTTCGCGCCTCACCGTCAGTTATCGTCCAGCAATCCGCCTTCGCCACTGGTGTTCCTCCTAATATCTACGCATTTCACCGCTACACTAGGAATTCCGATTGCCCCTCCGACACTCAAGATCTACAGTTTCAAATGCAGTTCATGGGTTGAGCCCATGGATTTCACATCTGACTTGCAGACCCGGCTGCACGCCCTTTACACCCAGTAAATCCGGACAACGCTTGCCACCTACGTATTACCGCGGCTGCTGGCACGTAGTTAGCCGTGGCTTATTCTAGAGGTACCGTCTTCTGCTCTTCACGCGGCGTTGCTGGGTCAGGGTTTCCCCCATTGCCCAATATTCCCCACTGCTGCCTCCCGTAGGAGTACGGT","Bacteria",NA,NA,NA,NA,NA,NA
"TACATGGACTACTAGGGTATCTAATCCTGTTTGCTCCCCACACTTTCGCGCCTCACCGTCAGTTATCGTCCAGCAATCCGCCTTCGCCACTGGTGTTCCTCCTAATATCTACGCATTTCACCGCTACACTAGGAATTCCGATTGCCCCTCCGACACTCAAGATCTACAGTTTCAAATGCAGTTCATGGGTTGAGCCCATGGATTTCACATCTGACTTGCAGACCCGGCTGCACGCCCTTTACACCCAGTAAATCCGGACAACGCTTGCCACCTACGTATTACCGCGGCTGCTGGCACGTAGTTAGCCGTGGCTTATTCTAGAGGTACCGTCTTCTGCTCTTCACGCGGCGTTGCTGGGTCAGGGTTTCCCCCATTGCCCAATATTCCCCACTGCTGCCTCCCGTAGGAGTACGGT","Bacteria",NA,NA,NA,NA,NA,NA
"GTCAAGGACTACTAGGGTTTCTAATCCTGTTTGCTCCCCACACTTTCGCGCCTCACCGTCAGTTATCGTCCAGCAATCCGCCTTCGCCACTGGTGTTCCTCCTAATATCTACGCATTTCACCGCTACACTAGGAATTCCGATTGCCCCTCCGACACTCAAGATCTACAGTTTCAAATGCAGTTCATGGGTTGAGCCCATGGATTTCACATCTGACTTGCAGACCCGGCTGCACGCCCTTTACACCCAGTAAATCCGGACAACGCTTGCCACCTACGTATTACCGCGGCTGCTGGCACGTAGTTAGCCGTGGCTTATTCTAGAGGTACCGTCTTCTGCTCTTCACGCGGCGTTGCTGGGTCAGGGTTTCCCCCATTGCCCAATATTCCCCACTGCTGCCTCCCGTAGGAGTACGGT","Bacteria",NA,NA,NA,NA,NA,NA
"GTCAAGGACTACTAGGGTTTCTAATCCCGTTCGCTACCCTGGCTTTCGCATCTCAGCGTCAGACACAGTCCAGAAAGGCGCCTTCGCCACTGGTGTTCCTCCCAATATCTACGCATTTCACCGCTACACTGGGAATTCCCCTTTCCTCTCCTGCACTCAAGCCTAACAGTTTCCAGCGCCATACGGGGTTGAGCCCCGCATTTTCACGCTCGACTTATTAAGCCGCCTACATGCTCTTTACGCCCAATAATTCCGGACAACGCTCGCCACCTACGTATTACCGCGGCTGCTGGCACGTAGTTAGCCGTGGCTTCCTCGTTTACTACCGTCATTGCAATGCATTGTTCACACACTGCTGCCTCCCGTAGGAGTACGGT",NA,NA,NA,NA,NA,NA,NA
"ACGCTCAACGTCTGCACTGCAGCGCGAACTGGTTTCCTTGAGTACGCACAAAGTGGGCGGAATTCGTGGTGTAGCGGTGAAATGCTTAGATATCACGAAGAACTCCGATTGCGAAGGCAGCTCACTGGAGCGCAACTGACGCTGAAGCTCGAAAGTGCGGGTATCGAACAGGATTAGAAACCCTAGTAGTCCTCCTCAGATCGGAAGAGCACACGTCTGAACTCCAGTCACGCTCGGTAATCTCGTATGCCGTCTTCTGCTTGAAAAAAA","Bacteria","Bacteroidota","Bacteroidia","Bacteroidales","Prevotellaceae","Prevotella_9",NA
"TAGCGGAGATTGAATGGCTTAGTGAGGCCTTCGGACTGGCTCAGGGGGGTTGGCAACGACCGCCCAGAGCCGGAAAGTTGGTCAAACTTGGTCATTTAGAGGAAGTAAAAGTCGTAACAAGGTTTCCGTAGGTGAACCTGCGGAAGGATCATTACCGAGTGAGGGTCCCCTTTGCGGGCCCGACCTCCCACCCGTGTCTACCGTACCGTGTTGCTTCGGCGGGCCCGCCAGGGGGGCTCCTGTCCCTGGCCGCCGGGGGGCCATCTCCCGTGCCTCCGGGCCCGTGCCCGCCGGAGACCCTCGTGAACGCTGTCTTGAACAAAGGTTGCGGTCTGAGTGGAAAACACAATCGTCAAAACTTTCAACAACGGATCTCTTGGTTCCGGCATCGATGAAGAACGCAGACTTATG","Eukaryota",NA,NA,NA,NA,NA,NA
"GAACTTCGGACTACTAGGGTTTCTAATCCTGTTTGCTACCCACACTTTCGAGCCTCAGCGTCAGTTGGTGCCCAGTAGGCCGCCTTCGCCACTGGTGTTCCTCCCGATATCTACGCATTCCACCGCTACACCGGGAATTCCGCCTACCTCTGCACTACTCAAGAAAAACAGTTTTGAAAGCAGTTCATGGGTTGAGCCCATGGATTTCACTTCCAACTTGTCTTCCCGCCTGCGCTCCCTTTACACCCAGTAATTCCGGACAACGCTTGTGACCTACGTTTTACCGCGGCTGCTGGCACGTAGTTAGCCGTCACTTCCTTCACGCGGCGTTGCTGGGTCAGGCTTGCGCCCATTGCCCAATATTCCCCACTGCTGCCTCCCGTAGGAGTACGGT","Bacteria",NA,NA,NA,NA,NA,NA
"GTCAAGGACTACTAGGGTATCTAATCCTGTTTGCTACCCACACTTTCGAGCCTCAGCGTCAGTTGGTGCCCAGTAGGCCGCCTTCGCCACTGGTGTTCCTCCCGATATCTACGCATTCCACCGCTACACCGGGAATTCCGCCTACCTCTGCACTACTCAAGAAAAACAGTTTTGAAAGCAGTTTATGGGTTGAGCCCATAGATTTCACTTCCAACTTGTCTTCCCGCCTGCGCTCCCTTTACACCCAGTAATTCCGGACAACGCTTGTGACCTACGTTTTACCGCGGCTGCTGGCACGTAGTTAGCCGTCACTTCCTTCACGCGGCGTTGCTGGGTCAGGCTTGCGCCCATTGCCCAATATTCCCCACTGCTGCCTCCCGTAGGAGTACGGT","Bacteria",NA,NA,NA,NA,NA,NA
"GAACTTCGGACTACTAGGGTTTCTAATCCTGTTTGCTACCCACACTTTCGAGCCTCAGCGTCAGTTGGTGCCCAGTAGGCCGCCTTCGCCACTGGTGTTCCTCCCGATATCTACGCATTCCACCGCTACACCGGGAATTCCGCCTACCTCTGCACTACTCAAGAAAAACAGTTTTGAAAGCAGTTCATGGGTTGAGCCCATGGATTTCACTTCCAACTTGTCTTCCCGCCTGCGCTCCCTTTACACCCAGTAATTCCGGACAACGCTTGTGACCTACGTTTTACCGCGGCTGCTGGCACGTAGTTAGCCGTCACTTCCTTCACGCGGCGTTGCTGGGTCAGGCTTGCGCCCATTGCCCAATATTCCCCACTGCTGCCTCCCGTAGGAGTGTTTCAT","Bacteria",NA,NA,NA,NA,NA,NA
"TTCAGAGGACTACTAGGGTTTCTAATCCTGTTTGCTCCCCACGCTTTCGTGCCTCAACGTCAGATATAGTTTGGTAAGCTGCCTTCGCAATCGGTGTTCTGTATGATCTCTAAGCATTTCACCGCTACACCATACATTCCGCCTACCGCAACTACTCTCTAGTTCAACAGTATTAGAGGCAGTTCCGGTGTTAAGCACCGGTATTTCACCTCTAACTTATCAAACCGCCTACGCACCCTTTAAACCCAATAAATCCGGATAACGCTTGGATCCTCCGTATTACCGCGGCTGCTGGCACGGAGTTAGCCGATCCTTATTCGTACGATACTTGGCTGGTTCAGACTCTCGTCCATTGACCAATATTCCTCACTGCTGCCTCCCGTAGGAGTACGATG","Bacteria",NA,NA,NA,NA,NA,NA
"GTCATTGGACTACTAGGGTTTCTAATCCTGTTTGATACCCACACTTTCGAGCATCAGCGTCAGTTACAATCCAGTAAGCTGCCTTCGCAATCGGAGTTCTTCGTGATATCTAAGCATTTCACCGCTACACCACGAATTCCGCCTACCTCTGTTGCACTCAAGATCGCCAGTATCAACTGCAATTTTACGGTTGAGCCGCAAACTTTCACAACTGACTTAACAACCCGCCTACGCTCCCTTTAAACCCAATAAATCCGGATAACGCTCGAATCCTCCGTATTACCGCGGCTGCTGGCACGGAGTTAGCCGATCCTTATTCATACGGTACATACAAAAAGCCACACGTGGCTCACTTTATTCCCGTATAAAAGAAGTTTACAATCCGTAGGAGTACATAT","Bacteria",NA,NA,NA,NA,NA,NA
"TACAGAGAGGACTACTCGGGTTTCTAATCCTGTTTGATACCCACACTTTCGAGCATCAGTGTCAGTTGCAGTCCAGTGAGCTGCCTTCGCAATCGGAGTTCTTCGTGATATCTAAGCATTTCACCGCTACACCACGAATTCCGCCCACCTCTACTGTACTCAAGACTGACAGTATCAACTGCAATTTTACGGTTGAGCCGCAAACTTTCACAACTGACTTACCAGTCCACCTACGCTCCCTTTAAACCCAATAAATCCGGATAACGCTCGGATCCTCCGTATTACCGCGGCTGCTGGCACGGAGTTAGCCGATCCTTATTCATACACGCGGCATGGCTGCATCAGGCTTGCGCCCATTGTGCAATATTCCCCACTGCTGCCTCCCGTAGGAGTTGGCAGTG","Bacteria",NA,NA,NA,NA,NA,NA
"TTCAGAGGACTACTCGGGTTTCTAATCCTGTTTGCTCCCCACGCTTTCGTGCCTCAACGTCAGATATAGTTTGGTAAGCTGCCTTCGCAATCGGTGTTCTGTATGATCTCTAAGCATTTCACCGCTACACCATACATTCCGCCTACCGCAACTACTCTCTAGTTCAACAGTATTAGAGGCAGTTCCGGTGTTAAGCACCGGTATTTCACCTCTAACTTATCAAACCGCCTACGCACCCTTTAAACCCAATAAATCCGGATAACGCTTGGATCCTCCGTATTACCGCGGCTGCTGGCACGGAGTTAGCCGATCCTTATTCGTACGATACTTGGCTGGTTCAGACTCTCGTCCATTGACCAATATTCCTCACTGCTGCCTCCCGTAGGAGTACGATG","Bacteria",NA,NA,NA,NA,NA,NA
"CTCAGGGACTACTAGGGTTTCTAATCCTGTTCGCTACCCACGCTCTCGTGCATCAGCGTCAGTTACAGTCTGGTAAGCTGCCTTCGCTATCGGAGTTCTAAGTTATATCTATGCATTTCACCGCTACTTAACTTATTCCGCCTACCTCGTCTGTACTCCAGTTTACCAGTATTAATGGCACAATTGAGTTTAGCTCAAATATTTAACCACTAACTTAATAAACCGCCTACGCACCCTTTAAACCCAATAAATCCGGATAACGCTCGCATCCCCCGTATTACCGCGGCTGCTGGCACGGAGTTAGCCGATGCTTATTCGTCAAGTACTGGCAAGACAGCACGCGACTTGGCTGGTTCAGGCTCTCGCCCATTGACCAATATTCCTCACTGCTGCCTCCCGTAGGAGTCCATGA","Bacteria","Proteobacteria","Alphaproteobacteria","Rickettsiales","Mitochondria",NA,NA
"CCAGCTGGACTACCAGGGTTTCTAATCCTGTTTGATACCCACACTTTCGAGCCTCAATGTCAGTTGCAGCTTAGCAGGCTGCCTTCGCAATCGGAGTTCTTCGTGATATCTAAGCATTTCACCGCTACACCACGAATTCCGCCTGCCTCAACTGCACTCAAGACATCCAGTATCAACTGCAATTTTACGGTTGAGCCGCAAACTTTCACAACTGACTTAAGCGTCCGCCTACGCTCCCTTTAAACCCAATAAATCCGGATAACGCTCGGATCCTCCGTATTACCGCGGCTGCTGGCACGGAGTTAGCCGATCCTTATTCATACACGCGGCATGGCTGCATCAGGCTTGCGCCCATTGTGCAATATTCCCCACTGCTGCCTCCCGTAGGAGTTAGCCA","Bacteria",NA,NA,NA,NA,NA,NA
"GCCATGGACTACTAGGGTTTCTAATCCTGTTCGCTACCCACGCTCTCGCGCATCAGCGTCAGAACGAGCCTGGGAAGCTGCCTTCGCTATCGGGGTTCCAAGTGATATCTATGCATTTCACCGCTACTTCACTTGTTCCGCCTCCCTCGTCTCGTCTCGAGGTCAACAGTTTCAACGGCGTGCTACAGTTTAGCTGCAGTCTTTTACCGCTGACTTGCCGTCCCGCCTACGCGCCCTTTAAACCCAATAAATCCGGATAACGCTCGCATCCCCCGTATTACCGCGGCTGCTGGCACGGAGTTAGCCGATGCTTATTCGTCAAGTACTGGCAAGACAGCACGCGACTTGGCTGGTTCAGGCTCTCGCCCATTGACCAATATTCCTCACTGCTGCCTCCCGTAGGAGTCCATGA","Bacteria",NA,NA,NA,NA,NA,NA
"GCTCTAGGACTACTAGGGTTTCTAATCCTGTTCGATACCCACGCTTTCGTGCCTCAGCGTCTGTCGCACCCTAGCAGGCTGCCTTCGCAATCGGGGTTCTGCGTGATATCTATGCATTTCACCGCTACACCACGCATTCCGCCTGCCTCTTGTGCACTCTAGCTCGCCAGTTTCAACGGCACAGTCCGGGTTGAGCCCGGAAATTTCACCGCTGACTTGGCGTGCCGCCTACGCACCCTTTAAACCCAATAAATCCGGATAACGCTCGCATCCTCCGTATTACCGCGGCTGCTGGCACGGAGTTAGCCGATGCTTTTTCTTCGGATACTTGGCTGGTTCAGACTCTCGTCCATTGACCAATATTCCTCACTGCTGCCTCCCGTAGGAGTCCATGA","Bacteria",NA,NA,NA,NA,NA,NA
"CGATGTGGACTACTCGGGTTTCTAATCCTGTTCGCTACCCACGCTCTCGCGCATCAGCGTCAGATCGAGCCTGGGAAGCTGCCTTCGCTATCGGGGTTCCAAGTGATATCTAAGCATTTCACCGCTACTTCACTTGTTCCGCCTCCCTCGTCTCGTCTCGAGGGCGCCAGTTTCAACGGCGTGCTACAGTTTAGCTGCAGTCTTTTACCGCTGACTTGGCGTCCCGCCTACGCGCCCTTTAAACCCAATAAATCCGGATAACGCTCGCATCCCCCGTATTACCGCGGCTGCTGGCACGGAGTTAGCCGATGCTTATTCGTCAAGTACTGGCAAGACAGCACGCGACTTGGCTGGTTCAGGCTCTCGCCCATTGACCAATATTCCTCACTGCTGCCTCCCGTAGGAGTCCATGA",NA,NA,NA,NA,NA,NA,NA
"CACGTGGACTACTAGGGTTTCTAATCCTGTTCGCTACCCACGCTCTCGCGCATCAGCGTCAGAACGAGCCTGGGAAGCTGCCTTCGCTATCGGGGTTCCAAGTGATATCTATGCATTTCACCGCTACTTCACTTGTTCCGCCTCCCTCGTCTCGTCTCCAGGTCAACAGTTTCAACGGCGTGCTACAGTTTAGCTGCAGTCTTTTACCGCTGACTTGCCGTCCCGCCTACGCGCCCTTTAAACCCAATAAATCCGGATAACGCTCGCATCCCCCGTATTACCGCGGCTGCTGGCACGGAGTTAGCCGATGCTTATTCGTCAAGTACTGGCAAGACAGCACGCGACTTGGCTGGTTCAGGCTCTCGCCCATTGACCAATATTCCTCACTGCTGCCTCCCGTAGGAGTCCATGA","Bacteria",NA,NA,NA,NA,NA,NA
"CCAGCTGGACTACTCGGGTTTCTAATCCTGTTTGATACCCACACTTTCGAGCATCAGTGTCAGTTGCAGTCCAGTGAGCTGCCTTCGCAATCGGAGTTCTTCGTGATATCTAAGCATTTCACCGCTACACCACGAATTCCGCCCACCTCTACTGTACTCAAGACTGACAGTATCAACTGCAATTTTACGGTTGAGCCGCAAACTTTCACAACTGACTTACCAGTCCACCTACGCTCCCTTTAAACCCAATAAATCCGGATAACGCTCGGATCCTCCGTATTACCGCGGCTGCTGGCACGGAGTTAGCCGATCCTTATTCATACACGCGGCATGGCTGCATCAGGCTTGCGCCCATTGTGCAATATTCCCCACTGCTGCCTCCCGTAGGAGTTAGCCA","Bacteria",NA,NA,NA,NA,NA,NA
"TCTGTGAACTCCTACGGGAGGCAGCAGGGTAAAGTCTTCGAGGTTCTTCACCATCGTACTCATGAAGATGGAAAGACCACCGGACACCACCAGCAGAATGGGCATCAGCAGAAGCATAGAGAAGTAATCCGTTATTTTGCGGTACATGCTGCGCGCCTTTTTCACCTGCCAGATGCGGTTGAAGGTGATTTCCATATTGTTGATTAGAAACCCTAGTAGTCCATCAGCGAGATCGGAAGAGCACACGTCTGAACTCCAGTCACCCATCCT","Bacteria",NA,NA,NA,NA,NA,NA
"CCTTAGGGACTACTAGGGTTTCTAATCCTGTTTGCTACCCACACTTTCGAGCCTCAGCGTCAGTTGGTGCCCAGTAGGCCGCCTTCGCCACTGGTGTTCCTCCCGATATCTACGCATTCCACCGCTACACCGGGAATTCCGCCTACCTCTGCACTACTCAAGAAAAACAGTTTTGAAAGCAGTTCATGGGTTGAGCCCATGGATTTCACTTCCAACTTGTTCTCCCGCCTGCGCTCCCTTTACACCCAGTAATTCCGGACAACGCTTGTGACCTACGTTTTACCGCGGCTGCTGGCACGTAGTTAGCCGTCACTTCCTTCACGCGGCGTTGCTGGGTCAGGCTTGCGCCCATTGCCCAATATTCCCCACTGCTGCCTCCCGTAGGAGTAGCGT","Bacteria",NA,NA,NA,NA,NA,NA
"TACGATAGGACTACTAGGGTTTCTAATCCTGTTTGATACCCACACTTTCGAGCATCAGCGTCAGTTACAGTCCAGCAGGCTGCCTTCGCAATCGGAGTTCTTCGTGATATCTAAGCATTTCACCGCTACACCACGAATTCCGCCTGCCTCTACTGTACTCAAGACACCCAGTATCAACTGCAATTTTACGGTTGAGCCGCAAACTTTCACAACTGACTTAAGCGTCCGCCTACGCTCCCTTTAAACCCAATAAATCCGGATAACGCTCGGATCCTCCGTATTACCGCGGCTGCTGGCACGGAGTTAGCCGATCCTTATTCATACGGTACATACAAAAAGGCACGCGTGCCTCACTGCTGCCTCCCGTAGGAGTTACCTGG","Bacteria",NA,NA,NA,NA,NA,NA
"CCTTAGGGACTACTAGGGTTTCTAATCCTGTTTGCTACCCACACTTTCGAGCCTCAGCGTCAGTTGGTGCCCAGTAGGCCGCCTTCGCCACTGGTGTTCCTCCCGATATCTACGCATTCCACCGCTACACCGGGAATTCCGCCTACCTCTGCACTACTCAAGAAAAACAGTTTTGAAAGCAGTTCATGGGTTGAGCCCATGGATTTCACTTCCAACTTGTCTTCCCGCCTGCGCTCCCTTTACACCCAGTAATTCCGGACAACGCTTGTGACCTACGTTTTACCGCGGCTGCTGGCACGTAGTTAGCCGTCACTTCCTTCACGCGGCGTTGCTGGGTCAGGCTTGCGCCCATTGCCCAATATTCCCCACTGCTGCCTCCCGTAGGAGTAGCGT","Bacteria",NA,NA,NA,NA,NA,NA
"GCCAGTGGACTACTAGGGTTTCTAATCCTGTTTGCTACCCACACTTTCGAGCCTCAGCGTCAGTTGGTGCCCAGTAGGCCGCCTTCGCCACTGGTGTTCCTCCCGATATCTACGCATTCCACCGCTACACCGGGAATTCCGCCTACCTCTGCACTACTCAAGAAAAACAGTTTTGAAAGCAGTTCATGGGTTGAGCCCATGGATTTCACTTCCAACTTGTCTTCCCGCCTGCGCTCCCTTTACACCCAGTAATTCCGGACAACGCTTGTGACCTACGTTTTACCGCGGCTGCTGGCACGTAGTTAGCCGTCACTTCCTTCACGCGGCGTTGCTGGGTCAGGCTTGCGCCCATTGCCCAATATTCCCCACTGCTGCCTCCCGTAGGAGTAGCGT","Bacteria",NA,NA,NA,NA,NA,NA
"CGATGTGGACTACTCGGGTTTCTAATCCTGTTCGATACCCACGCTTTCGTGCCTCAGCGTCTGTCGCACCCTAGCAGGCTGCCTTCGCAATCGGGGTTCTGCGTGATATCTATGCATTTCACCGCTACACCACGCATTCCGCCTGCCTCTTGTGCACTCTAGCTCGCCAGTTTCAACGGCACATTCCGGGTTGAGCCCGGAAATTTCACCGCTGACTTGGCGTGCCGCCTACGCACCCTTTAAACCCAATAAATCCGGATAACGCTCGCATCCTCCGTATTACCGCGGCTGCTGGCACGGAGTTAGCCGATGCTTTTTCTTCGGATACTTGGCTGGTTCAGACTCTCGGCCATTGACCAATATTCCTCACTGCTGCCTCCCGTAGGAGTCCATGA","Bacteria",NA,NA,NA,NA,NA,NA
"GCGTATGGACTACTAGGGTTTCTAATCCTGTTTGATACCCACACTTTCGAGCATCAGTGTCAGTGACAGTCTAGTGAGCTGCCTTCGCAATCGGAGTTCTTCGTGATATCTAAGCATTTCACCGCTACACCACGAATTCCGCCCACCTCTACTGTACTCAAGACTCCCAGTTTCAACTGCAATTTTACGGTTGAGCCGCAAACTTTCACAACTGACTTAACAATCCACCTACGCTCCCTTTAAACCCAATAAATCCGGATAACGCTCGGATCCTCCGTATTACCGCGGCTGCTGGCACGGAGTTAGCCGATCCTTATTCATAGGGTACATACAAAATTCCACACTGCTGCCTCCCGTAGGAGTAGGCGT","Bacteria","Proteobacteria",NA,NA,NA,NA,NA
"ACTCCACGGGACTACTAGGGTTTCTAATCCTGTTTGATACCCACACTTTCGAGCCTCAATGTCAGTTGCAGCTTAGCAGGCTGCCTTCGCAATCGGAGTTCTTCGTGATATCTAAGCATTTCACCGCTACACCACGAATTCCGCCTGCCTCAACTGCACTCAAGATATCCAGTATCAACTGCAATTTTACGGTTGAGCCGCAAACTTTCACAACTGACTTAAACATCCATCTACGCTCCCTTTAAACCCAATAAATCCGGATAACGCTCGGATCCTCCGTATTACCGCGGCTGCTGGCACGGAGTTAGCCGATCCTTATTCATTCACGCGGCATGGCTGCGTCAGGGTTGCCCCCATTGCGCAATATTCCCCACTGCTGCCTCCCGTAGGAGTAGGCGT","Bacteria",NA,NA,NA,NA,NA,NA
"TAACGAACTCCTACGGGAGGCAGCAGTGAGGAATATTGGTCAATGGACGAGAGTCTGAACCAGCCAAGTAGCGTGAAGGATGAAGGTCCTACGGATTGTAAACTTCTTTTATAAGGGAATAAAACCTCCCACGTGTGGGAGCTTGTATGTACCTTATGAATAAGCATCGGCTAACTCCGTGCCAGCAGCCGCGGTAATACGGAGGATGCGAGCGTTATCCGGATTTATTGGGTTTAAAGGGAGCGCAGACGGGTCGTTAAGTCAGCTGTGAAAGTTTGGGGCTCAACCTTAAAATTGCAGTTGATACTGGC","Bacteria","Bacteroidota","Bacteroidia","Bacteroidales","Bacteroidaceae","Bacteroides",NA
"CGATGTGGACTACCAGGGTTTCTAATCCTGTTCGATACCCGCACTTTCGAGCTTCAGCGTCAGTTGCGCTCCAGTGAGCTGCCTTCGCAATCGGAGTTCTTCGTGATATCTAAGCATTTCACCGCTACACCACGAATTCCGCCCACTTTGTGCGTACTCAAGGAAACCAGTTCGCGCTGCAGTGCAGACGTTGAGCGTCTACATTTCACAACACGCTTAATCTCCGGCCTACGCTCCCTTTAAACCCAATAAATCCGGATAACGCCCGGACCTTCCGTATTACCGCGGCTGCTGGCACGGAATTAGCCGGTCCTTATTCATAAGGTACATGCAAAAAGTCTCACGCTACTTGGCTGGTTCAGACTCTCGTCCATTGACCAATATTCCTCACTGCTGCCTCCCGTAGGAGTCCATGA","Bacteria","Proteobacteria",NA,NA,NA,NA,NA
"GACTCTGGACTACTAGGGTTTCTAATCCTGTTTGCTACCCACACTTTCGAGCCTCAGCGTCAGTTGGTGCCCAGTAGGCCGCCTTCGCCACTGGTGTTCCTCCCGATATCTACGCATTCCACCGCTACACCGGGAATTCCGCCTACCTCTGCACTACTCAAGAAAAACAGTTTTGAAAGCAGTTCATGGGTTGAGCCCATGGATTTCACTTCCAACTTGTTCTCCCGCCTGCGCTCCCTTTACACCCAGTAATTCCGGACAACGCTTGTGACCTACGTTTTACCGCGGCTGCTGGCACGTAGTTAGCCGTCACTTCCTTCACGCGGCGTTGCTGGGTCAGGCTTGCGCCCATTGCCCAATATTCCCCACTGCTGCCTCCCGTAGGAGTTCAGCT","Bacteria",NA,NA,NA,NA,NA,NA
"AGACTCGGGACTACTAGGGTTTCTAATCCCGTTCGCTACCCTGGCTTTCGCATCTCAGCGTCAGACACAGTCCAGAAAGGCGCCTTCGCCACTGGTGTTCCTCCCAATATCTACGCATTTCACCGCTACACTGGGAATTCCCCTTTCCTCTCCTGCACTCAAGCCTAACAGTTTCCAGCGCCATACGGGGTTGAGCCCCGCATTTTCACGCTCGACTTATTAAGCCGCCTACATGCTCTTTACGCCCAATAATTCCGGACAACGCTCGCCACCTACGTATTACCGCGGCTGCTGGCACGTAGTTAGCCGTGGCTTCCTCGTTTACTACCGTCATTGCAATGCATTGTTCACACACTGCTGCCTCCCGTAGGAGTACCCTCAC",NA,NA,NA,NA,NA,NA,NA
"GACTCTGGACTACTAGGGTTTCTAATCCTGTTTGCTACCCACACTTTCGAGCCTCAGCGTCAGTTGGTGCCCAGTAGGCCGCCTTCGCCACTGGTGTTCCTCCCGATATCTACGCATTCCACCGCTACACCGGGAATTCCGCCTACCTCTGCACTACTCAAGAAAAACAGTTTTGAAAGCAGTTCATGGGTTGAGCCCATGGATTTCACTTCCAACTTGCCTTCCCGCCTGCGCTCCCTTTACACCCAGTAATTCCGGACAACGCTTGTGACCTACGTTTTACCGCGGCTGCTGGCACGTAGTTAGCCGTCACTTCCTTCACGCGGCGTTGCTGGGTCAGGCTTGCGCCCATTGCCCAATATTCCCCACTGCTGCCTCCCGTAGGAGTTCAGCT","Bacteria",NA,NA,NA,NA,NA,NA
"AACGCCTGGACTACTAGGGTTTCTAATCCTGTTCGCTACCCACGCTCTCGTGCATCAGCGTCAGTTACAGTCTGGTAAGCTGCCTTCGCTATCGGAGTTCTAAGTTATATCTATGCATTTCACCGCTACTTAACTTATTCCGCCTACCTCGTCTGTACTCCAGTTTACCAGTATTAATGGCACAATTGAGTTTAGCTCAAATATTTAACCACTAACTTAATAAACCGCCTACGCACCCTTTAAACCCAATAAATCCGGATAACGCTCGCATCCTCCGTATTACCGCGGCTGCTGGCACGGAGTTAGCCGATGCTTATTCATAAGGTACAGGCATCATTCTACACGTAGAACTTATTCCTCACTGCTGCCTCCCGTAGGAGTTGAATTC","Bacteria",NA,NA,NA,NA,NA,NA
"GTCAAGGACTACAAGGGTTTCTAATCCTGTTTGCTCCCCACACTTTCGCGCCTCACCGTCAGTTATCGTCCAGCAATCCGCCTTCGCCACTGGTGTTCCTCCTAATATCTACGCATTTCACCGCTACACTAGGAATTCCGATTGCCCCTCCGACACTCAAGATCTACAGTTTCAAATGCAGTTCATGGGTTGAGCCCATGGATTTCACATCTGACTTGCAGACCCGGCTGCACGCCCTTTACACCCAGTAAATCCGGACAACGCTTGCCACCTACGTATTACCGCGGCTGCTGGCACGTAGTTAGCCGTGGCTTATTCTAGAGGTACCGTCTTCTGCTCTTCACGCGGCGTTGCTGGGTCAGGGTTTCCCCCATTGCCCAATATTCCCCACTGCTGCCTCCCGTAGGAGTACGGT","Bacteria",NA,NA,NA,NA,NA,NA
"GTCAAGGACTACTCGGGTTTCTAATCCTGTTTGCTCCCCACACTTTCGCGCCTCACCGTCAGTTATCGTCCAGCAATCCGCCTTCGCCACTGGTGTTCCTCCTAATATCTACGCATTTCACCGCTACACTAGGAATTCCGATTGCCCCTCCGACACTCAAGATCTACAGTTTCAAATGCAGTTCATGGGTTGAGCCCATGGATTTCACATCTGACTTGCAGACCCGGCTGCACGCCCTTTACACCCAGTAAATCCGGACAACGCTTGCCACCTACGTATTACCGCGGCTGCTGGCACGTAGTTAGCCGTGGCTTATTCTAGAGGTACCGTCTTCTGCTCTTCACGCGGCGTTGCTGGGTCAGGGTTTCCCCCATTGCCCAATATTCCCCACTGCTGCCTCCCGTAGGAGTACGGT","Bacteria",NA,NA,NA,NA,NA,NA
"GTCAAGGACTACAAGGGTTTCTAATCCTGTTTGCTCCCCACGCTTTCGTGCCTCAACGTCAGATATAGTTTGGTAAGCTGCCTTCGCAATCGGTGTTCTGTATGATCTCTAAGCATTTCACCGCTACACCATACATTCCGCCTACCGCAACTACTCTCTAGCTCAACAGTATTAGAGGCACGTTCAGGGTTGAGCCCCGAAATTTCACCTCTAACTTATCAAACCGCCTACGCACCCTTTAAACCCAATAAATCCGGATAACGCTTGAATCCTCCGTATTACCGCGGCTGCTGGCACGGAGTTAGCCGATCCTTATTCGTACGATACTTGGCTGGTTCAGACTCTCGTCCATTGACCAATATTCCTCACTGCTGCCTCCCGTAGGAGTTCCGTAG","Bacteria",NA,NA,NA,NA,NA,NA
"GAACTTCGGACTACTAGGGTTTCTAATCCTGTTCGCTACCCACGCTCTCGTGCATCAGCGTCAGTTACAGTCTGGTAAGCTGCCTTCGCTATCGGAGTTCTAAGTTATATCTATGCATTTCACCGCTACTTAACTTATTCCGCCTACCTCGTCTGTACTCCAGTTTACCAGTATTAATGGCACAATTGAGTTTAGCTCAAATATTTAACCACTAACTTAATAAACCGCCTACGCACCCTTTAAACCCAATAAATCCGGATAACGCTCGCATCCTCCGTATTACCGCGGCTGCTGGCACGGAGTTAGCCGATGCTTATTCATAAGGTACAGGCATCATTCTACACGTAGAACTTATTCCTCACTGCTGCCTCCCGTAGGAGTTGAATTC","Bacteria",NA,NA,NA,NA,NA,NA
"GCTCTAGGACTACTGGGGTTTCTAATCCTGTTTGCTCCCCACACTTTCGCGCCTCACCGTCAGTTATCGTCCAGCAATCCGCCTTCGCCACTGGTGTTCCTCCTAATATCTACGCATTTCACCGCTACACTAGGAATTCCGATTGCCCCTCCGACACTCAAGATCTACAGTTTCAAATGCAGTTCATGGGTTGAGCCCATGGATTTCACATCTGACTTGCAGACCCGGCTGCACGCCCTTTACACCCAGTAAATCCGGACAACGCTTGCCACCTACGTATTACCGCGGCTGCTGGCACGTAGTTAGCCGTGGCTTATTCTAGAGGTACCGTCTTCTGCTCTTCACGCGGCGTTGCTGGGTCAGGGTTTCCCCCATTGCCCAATATTCCCCACTGCTGCCTCCCGTAGGAGTACGGT",NA,NA,NA,NA,NA,NA,NA
"CATAAGTGGACTACCAGGGTTTCTAATCCTGTTTGCTCCCCACACTTTCGCGCCTCACCGTCAGTTATCGTCCAGCAATCCGCCTTCGCCACTGGTGTTCCTCCTAATATCTACGCATTTCACCGCTACACTAGGAATTCCGATTGCCCCTCCGACACTCAAGATCTACAGTTTCAAATGCAGTTCATGGGTTGAGCCCATGGATTTCACATCTGACTTGCAGACCCGGCTGCACGCCCTTTACACCCAGTAAATCCGGACAACGCTTGCCACCTACGTATTACCGCGGCTGCTGGCACGTAGTTAGCCGTGGCTTATTCTAGAGGTACCGTCTTCTGCTCTTCACGCGGCGTTGCTGGGTCAGGGTTTCCCCCATTGCCCAATATTCCCCACTGCTGCCTCCCGTAGGAGTACGGT","Bacteria",NA,NA,NA,NA,NA,NA
"GTCAAGGACTACTAGGGTTTCTAATCCTGTTTGCTCCCCACACTTTCGCGCCTCACCGTCAGTTGCTGTCCAGCAATCCGCCTTCGCCACTGGTGTTCCTCCTAATATCTACGCATTTCACCGCTACACTAGGAATTCCGATTGCCTCTCCAGTACTCAAGAAATACAGTTTCAAATGCAGTTCATGGGTTAAGCCCATGGATTTCACATCTGACTTGCATTCCCGGCTGCACGCCCTTTACACCCAGTAAATCCGGACAACGCTTGCCACCTACGTATTACCGCGGCTGCTGGCACGTAGTTAGCCGTGGCTTATTCTAGAGGTACCGTCTTCTGCTCTTCACGCGGCGTTGCTGGGTCAGGGTTTCCCCCATTGCCCAATATTCCCCACTGCTGCCTCCCGTAGGAGTACGGT","Bacteria",NA,NA,NA,NA,NA,NA
"TCGAAGAGGACTACTCGGGTATCTAATCCTGTTTGCTCCCCACGCTTTCGTGCCTCAACGTCAGATATAGTTTGGTAAGCTGCCTTCGCAATCGGTGTTCTGTATGATCTCTAAGCATTTCACCGCTACACCATACATTCCGCCTACCGCAACTACTCTCTAGCTCAACAGTATTAGAGGCACGTTCAGGGTTGAGCCCCGAAATTTCACCTCTAACTTATCAAACCGCCTACGCACCCTTTAAACCCAATAAATCCGGATAACGCTTGAATCCTCCGTATTACCGCGGCTGCTGGCACGGAGTTAGCCGATCCTTATTCGTACGATACTTGGCTGGTTCAGACTCTCGTCCATTGACCAATATTCCTCACTGCTGCCTCCCGTAGGAGTTCCGTAG","Bacteria",NA,NA,NA,NA,NA,NA
"AGGATACTCCTACGGGAGGCAGCAGTGAGGAATATTGGTCAATGGACGAGAGTCTGAACCAGCCAAGTAGCGTGCAGGATGACGGCCCTATGGGTTGTAAACTGCTTTTATAGGGGGATAAAGTGTGCCACGTGTGGCATATTGCAGGTACCCTATGAATAAGGACCGGCTAATTCCGTGCCAGCAGCCGCGGTAATACGGAAGGTCCGGGCGTTATCCGGATTTATTGGGTTTAAAGGGAGCGTAGGCCGGAGATTAAGCGTGTTGTGA","Bacteria","Bacteroidota","Bacteroidia","Bacteroidales","Prevotellaceae","Prevotella",NA
"CCATGGGTGGACTACTAGGGTTTCTAATCCTGTTTGATACCCACACTTTCGAGCATCAGCGTCAGTTACAGTCCAGCAGGCTGCCTTCGCAATCGGAGTTCTTCGTGATATCTAAGCATTTCACCGCTACACCACGAATTCCGCCTGCCTCTACTGTACTCAAGACACCCAGTATCAACTGCAATTTTACGGTTGAGCCGCAAACTTTCACAACTGACTTAAGCGTCCGCCTACGCTCCCTTTAAACCCAATAAATCCGGATAACGCTCGGATCCTCCGTATTACCGCGGCTGCTGGCACGGAGTTAGCCGATCCTTATTCATACGGTACATACAAAAAGGCACACGTGCCTCACTGCTGCCTCCCGTAGGAGTTAAGC","Bacteria",NA,NA,NA,NA,NA,NA
"GTCAAGGACTACTGGGGTTTCTAATCCTGTTTGCTACCCACACTTTCGAGCCTCAGCGTCAGTTGGTGCCCAGTAGGCCGCCTTCGCCACTGGTGTTCCTCCCGATATCTACGCATTCCACCGCTACACCGGGAATTCCGCCTACCTCTGCACTACTCAAGAAAAACAGTTTTGAAAGCAGTTTATGGGTTGAGCCCATAGATTTCACTTCCAACTTGTCTTCCCGCCTGCGCTCCCTTTACACCCAGTAATTCCGGACAACGCTTGTGACCTACGTTTTACCGCGGCTGCTGGCACGTAGTTAGCCGTCACTTCCTTCACGCGGCGTTGCTGGGTCAGGCTTGCGCCCATTGCCCAATATTCCCCACTGCTGCCTCCCGTAGGAGTACGGT","Bacteria",NA,NA,NA,NA,NA,NA
"TTCAGAGGACTACTAGGGTTTCTAATCCTGTTTGCTACCCACACTTTCGAGCCTCAGCGTCAGTTGGTGCCCAGTAGGCCGCCTTCGCCACTGGTGTTCCTCCCGATATCTACGCATTCCACCGCTACACCGGGAATTCCGCCTACCTCTGCACTACTCAAGAAAAACAGTTTTGAAAGCAGTTCATGGGTTGAGCCCATGGATTTCACTTCCAACTTGTTCTCCCGCCTGCGCTCCCTTTACACCCAGTAATTCCGGACAACGCTTGTGACCTACGTTTTACCGCGGCTGCTGGCACGTAGTTAGCCGTCACTTCCTTCACGCGGCGTTGCTGGGTCAGGCTTGCGCCCATTGCCCAATATTCCCCACTGCTGCCTCCCGTAGGAGTACGGT","Bacteria",NA,NA,NA,NA,NA,NA
"ACGTGGTAGGACTACTGGGGTTTCTAATCCTGTTTGATACCCACACTTTCGAGCCTCAATGTCAGTTGCAGCTTAGCAGGCTGCCTTCGCAATCGGAGTTCTTCGTGATATCTAAGCATTTCACCGCTACACCACGAATTCCGCCTGCCTCAACTGCACTCAAGACATCCAGTATCAACTGCAATTTTACGGTTGAGCCGCAAACTTTCACAACTGACTTAAACATCCATCTACGCTCCCTTTAAACCCAATAAATCCGGATAACGCTCGGATCCTCCGTATTACCGCGGCTGCTGGCACGGAGTTAGCCGATCCTTATTCATATGGTACATACAAAATTCCACACTGCTGCCTCCCGTAGGAGTGCATGCTA","Bacteria",NA,NA,NA,NA,NA,NA
"CATCTGGACTACTAGGGTTTCTAATCCTGTTTGCTACCCACGCTTTCGCGCCTCAGCGTCAATACCGGTCCAGACAGCCGCCTTCGCCACTGATGTTCTTCCAGATATCTACGGATTTCACTCCTACACCTGGAATTCCGCTGTCCTCTCCCGGATCCAAGTTATGCAGTATCAAAGGCAGTTCCACGGTTAAGCCGTGGGATTACACCTCTGACTTACAAAACAACCTACGCGCGCTTTACGCCCAGTAATTCCGATTAACGCTTGCACCCTCCGTATTACCGCGGCTGCTGGCACGGAGTTAGCCGATCCTTATTCATACACGCGGCATGGCTGCATCAGGCTTGCGCCCATTGTGCAATATTCCCCACTGCTGCCTCCCGTAGGAGTTCCGCTA","Bacteria",NA,NA,NA,NA,NA,NA
"ACGTGGTAGGACTACTAGGGTTTCTAATCCTGTTTGATACCCACACTTTCGAGCATCAGTGTCAGTTGCAGTCCAGTGAGCTGCCTTCGCAATCGGAGTTCTTCGTGATATCTAAGCATTTCACCGCTACACCACGAATTCCGCCCACCTCTACTGTACTCAAGACTGACAGTATCAACTGCAATTTTACGGTTGAGCCGCAAACTTTCACAACTGACTTAAACATCCATCTACGCTCCCTTTAAACCCAATAAATCCGGATAACGCTCGGATCCTCCGTATTACCGCGGCTGCTGGCACGGAGTTAGCCGATCCTTATTCATATGGTACATACAAAATTCCACACTGCTGCCTCCCGTAGGAGTGCATGCTA","Bacteria",NA,NA,NA,NA,NA,NA
"CCATGGGTGGACTACTAGGGTTTCTAATCCTGTTTGATACCCACACTTTCGAGCATCAGTGTCAGTGACAGTCTAGTGAGCTGCCTTCGCAATCGGAGTTCTTCGTGATATCTAAGCATTTCACCGCTACACCACGAATTCCGCCCACCTCTACTGTACTCAAGACTGCCAGTTTCAACTGCAATTTTACGGTTGAGCCGCAAACTTTCACAACTGACTTAAACATCCATCTACGCTCCCTTTAAACCCAATAAATCCGGATAACGCTCGGATCCTCCGTATTACCGCGGCTGCTGGCACGGAGTTAGCCGATCCTTATTCATATGGTACATACAAAATTCCACACTGCTGCCTCCCGTAGGAGTGCATGCTA","Bacteria","Proteobacteria",NA,NA,NA,NA,NA
"ACGTGGTAGGACTACTAGGGTTTCTAATCCTGTTTGATACCCACACTTTCGAGCCTCAATGTCAGTTGCAGCTTAGCAGGCTGCCTTCGCAATCGGAGTTCTTCGTGATATCTAAGCATTTCACCGCTACACCACGAATTCCGCCTGCCTCAACTGCACTCAAGACATCCAGTATCAACTGCAATTTTACGGTTGAGCCGCAAACTTTCACAACTGACTTAAACATCCATCTACGCTCCCTTTAAACCCAATAAATCCGGATAACGCTCGGATCCTCCGTATTACCGCGGCTGCTGGCACGGAGTTAGCCGATCCTTATTCATATGGTACATACAAAATTCCACACTGCTGCCTCCCGTAGGAGTGCATGCTA","Bacteria","Proteobacteria",NA,NA,NA,NA,NA
"TCACCGGACTACTAGGGTTTCTAATCCTGTTTGCTCCCCACGCTTTCGCACCTGAGCGTCAGTCTTTGTCCAGGGGGCCGCCTTCGCCACCGGTATTCCTCCAGATCTCTACGCATTTCACCGCTACACCTGGAATTCTACCCCCCTCTACAAGACTCTAGCCTGCCAGTTTCGAATGCAGTTCCCAGGTTGAGCCCGGGGATTTCACATCCGACTTGACAGACCGCCTGCGTGCGCTTTACGCCCAGTAATTCCGATTAACGCTTGCACCCTCCGTATTACCGCGGCTGCTGGCACGGAGTTAGCCGATCCTTATTCATACACGCGGCATGGCTGCATCAGGCTTGCGCCCATTGTGCAATATTCCCCACTGCTGCCTCCCGTAGGAGTTCCGCTA","Bacteria",NA,NA,NA,NA,NA,NA
"CATAAGTGGACTACCAGGGTTTCTAATCCTGTTTGCTCCCCACGCTTTCGCACCTGAGCGTCAGTCTTCGTCCAGGGGGCCGCCTTCGCCACCGGTATTCCTCCAGATCTCTACGCATTTCACCGCTACACCTGGAATTCTACCCCCCTCTACGAGACTCAAGCTTGCCAGTATCAGATGCAGTTCCCAGGTTGAGCCCGGGGATTTCACATCTGACTTAACAAACCGCCTGCGTGCGCTTTACGCCCAGTAATTCCGATTAACGCTTGCACCCTCCGTATTACCGCGGCTGCTGGCACGGAGTTAGCCGATCCTTATTCATACACGCGGCATGGCTGCATCAGGCTTGCGCCCATTGTGCAATATTCCCCACTGCTGCCTCCCGTAGGAGTTCCGCTA","Bacteria",NA,NA,NA,NA,NA,NA
"GTCAAGGACTACAAGGGTATCTAATCCTGTTTGATACCCACACTTTCGAGCCTCAATGTCAGTTGCAGCTTAGCAGGCTGCCTTCGCAATCGGAGTTCTTCGTGATATCTAAGCATTTCACCGCTACACCACGAATTCCGCCTGCCTCAACTGCACTCAAGATATCCAGTATCAACTGCAATTTTACGGTTGAGCCGCAAACTTTCACAACTGACTTAAACATCCATCTACGCTCCCTTTAAACCCAATAAATCCGGATAACGCTCGGATCCTCCGTATTACCGCGGCTGCTGGCACGGAGTTAGCCGATCCTTATTCATATGGTACATACAAAATTCCACACTGCTGCCTCCCGTAGGAGTGCATGCTA","Bacteria","Proteobacteria",NA,NA,NA,NA,NA
"CATAAGTGGACTACCAGGGTATCTAATCCTGTTTGCTCCCCACGCTTTCGCACCTGAGCGTCAGTCTTCGTCCAGGGGGCCGCCTTCGCCACCGGTATTCCTCCAGATCTCTACGCATTTCACCGCTACACCTGGAATTCTACCCCCCTCTACGAGACTCAAGCTTGCCAGTATCAGATGCAGTTCCCAGGTTGAGCCCGGGGATTTCACATCTGACTTAACAAACCGCCTGCGTGCGCTTTACGCCCAGTAATTCCGATTAACGCTTGCACCCTCCGTATTACCGCGGCTGCTGGCACGGAGTTAGCCGATCCTTATTCATACACGCGGCATGGCTGCATCAGGCTTGCGCCCATTGTGCAATATTCCCCACTGCTGCCTCCCGTAGGAGTTCCGCTA","Bacteria",NA,NA,NA,NA,NA,NA
"AATATGCGGACTACTCGGGTTTCTAATCCTGTTTGATACCCACACTTTCGAGCATCAGTGTCAGTTGCAGTCCAGTGAGCTGCCTTCGCAATCGGAGTTCTTCGTGATATCTAAGCATTTCACCGCTACACCACGAATTCCGCCCACCTCTACTGTACTCAAGACAGCCAGTATCAACTGCAATTTTACGGTTGAGCCGCAAACTTTCACAACTGACTTAACTGTCCACCTACGCTCCCTTTAAACCCAATAAATCCGGATAACGCTCGGATCCTCCGTATTACCGCGGCTGCTGGCACGGAGTTAGCCGATCCTTATTCATACACGCGGCATGGCTGCATCAGGCTTGCGCCCATTGTGCAATATTCCCCACTGCTGCCTCCCGTAGGAGTTGGCAGTG","Bacteria",NA,NA,NA,NA,NA,NA
"GTCGATTGGACTACTAGGGTTTCTAATCCTGTTTGCTCCCCACGCTTTCGTGCCTCAACGTCAGATATAGTTTGGTAAGCTGCCTTCGCAATCGGTGTTCTGTATGATCTCTAAGCATTTCACCGCTACACCATACATTCCGCCTACCGCAACTACTCTCTAGTTCAACAGTATTAGAGGCAGTTCCGGTGTTAAGCACCGGTATTTCACCTCTAACTTATCAAACCGCCTACGCACCCTTTAAACCCAATAAATCCGGATAACGCTTGGATCCTCCGTATTACCGCGGCTGCTGGCACGGAGTTAGCCGATCCTTATTCGTACGATACTTGGCTGGTTCAGACTCTCGTCCATTGACCAATATTCCTCACTGCTGCCTCCCGTAGGAGTACGATG","Bacteria",NA,NA,NA,NA,NA,NA
"CCATGGGTGGACTACTCGGGTTTCTAATCCTGTTTGCTACCCACGCTTTCGCGCTTTAGCGTCAGTATCTGTCCAGTGGGCTGGCTTCCCCATCGGCATTCCTACAAATATCTACGAATTTCACCTCTACACTTGTAGTTCCGCCCACCTCTCCAGTACTCTAGTTTGGCAGTTTCCAACGCAATACGGAGTTGAGCCCCGCATTTTCACATCAGACTTACCAAACCGCCTAGACGCGCTTTACGCCCAATAAATCCGGATAACGCTTGCACCATACGTATTACCGCGGCTGCTGGCACGTATTTAGCCGGTGCTTCTTATTCAGGTACCGTCATCCTTCACGCTACTTGGCTGGTTCAGACTCTCGTCCATTGACCAATATTCCTCACTGCTGCCTCCCGTAGGAGTGAGAA","Bacteria",NA,NA,NA,NA,NA,NA
"AATATGCGGACTACTCGGGTTTCTAATCCTGTTTGATACCCACACTTTCGAGCATCAGTGTCAGTAACAGTCTAGTGAGCTGCCTTCGCAATCGGAGTTCTTCGTGATATCTAAGCATTTCACCGCTACACCACGAATTCCGCCCACCTCTACTGTACTCAAGACTGCCAGTTTCAACTGCAATTTTACGGTTGAGCCGCAAACTTTCACAACTGACTTAACAATCCACCTACGCTCCCTTTAAACCCAATAAATCCGGATAACGCTCGGATCCTCCGTATTACCGCGGCTGCTGGCACGGAGTTAGCCGATCCTTATTCATACACGCGGCATGGCTGCATCAGGCTTGCGCCCATTGTGCAATATTCCCCACTGCTGCCTCCCGTAGGAGTTGGCAGTG","Bacteria",NA,NA,NA,NA,NA,NA
"AGACTCGGGACTACTCGGGTTTCTAATCCTGTTTGATACCCACACTTTCGAGCCTCAATGTCAGTTGCAGCTTAGCAGGCTGCCTTCGCAATCGGAGTTCTTCGTGATATCTAAGCATTTCACCGCTACACCACGAATTCCGCCTGCCTCAACTGCACTCAAGATATCCAGTATCAACTGCAATTTTACGGTTGAGCCGCAAACTTTCACAACTGACTTAAACATCCATCTACGCTCCCTTTAAACCCAATAAATCCGGATAACGCTCGGATCCTCCGTATTACCGCGGCTGCTGGCACGGAGTTAGCCGATCCTTATTCATACACGCGGCATGGCTGCATCAGGCTTGCGCCCATTGTGCAATATTCCCCACTGCTGCCTCCCGTAGGAGTTGGCAGTG","Bacteria",NA,NA,NA,NA,NA,NA
"AGTGGAGGACTACTAGGGTTTCTAATCCTGTTTGCTCCCCACGCTTTCGAGCCTCAGCGTCAGTTATCGTCCAGTAAGCCGCCTTCGCCACTGGTGTTCCTCCTAATATCTACGCATTTCACCGCTACACTAGGAATTCCGCTTACCCCTCCGACACTCTAGTACGACAGTTTCCAATGCAGTACCGGGGTTGAGCCCCGGGCTTTCACATCAGACTTGCCGCACCGCCTGCGCTCCCTTTACACCCAGTAAATCCGGATAACGCTTGCACCATACGTATTACCGCGGCTGCTGGCACGTATTTAGCCGGTGCTTCTTATTCAGGTACCGTCATCCTTCACGCTACTTGGCTGGTTCAGACTCTCGTCCATTGACCAATATTCCTCACTGCTGCCTCCCGTAGGAGTGAGAA",NA,NA,NA,NA,NA,NA,NA
"TACAGAGAGGACTACTAGGGTTTCTAATCCTGTTTGATCCCCACGCTTTCGTGCATCAGCGTCAGTAATGGCTTGGCAGGCTGCCTTCGCAATCGGGGTTCTGCGTGATATCTATGCATTTCACCGCTACACCACGCATTCCGCCTGCCTCAAACATACTCAAGCCCCCCAGTTTCAACGGCAATTCTATGGTTGAGCCACAGACTTTCACCGCTGACTTAAAAGGCCGCCTACGCACCCTTTAAACCCAATAAATCCGGATAACGCTCGGATCCTCCGTATTACCGCGGCTGCTGGCACGGAGTTAGCCGATCCTTATTCATACACGCGGCATGGCTGCATCAGGCTTGCGCCCATTGTGCAATATTCCCCACTGCTGCCTCCCGTAGGAGTTGGCAGTG","Bacteria",NA,NA,NA,NA,NA,NA
"CGACTGGACTACTAGGGTTTCTAATCCTGTTTGCTCCCCACGCTTTCGTGACTCAGCGTCAGTAACAGTCCAGTAAGCCGCCTTCGCCACCGGTGTTCTTCCTAATATCTACGCATTTCACCGCTACACTAGGAATTCCGCTTACCTCTCCTGCACTCTAGTCATACAGTTTCTTATGCAGCGCCAAGGTTAAGCCCTGACATTTCACATATGACTTGCATGACCGCCTACTCACCCTTTACACCCAGTAAATCCGGATAACGCTTGCACCATACGTATTACCGCGGCTGCTGGCACGTATTTAGCCGGTGCTTCTTATTCAGGTACCGTCATCCTTCACGCTACTTGGCTGGTTCAGACTCTCGTCCATTGACCAATATTCCTCACTGCTGCCTCCCGTAGGAGTGAGAA","Bacteria",NA,NA,NA,NA,NA,NA
"GGATTGGTGGACTACTAGGGTTTCTAATCCTGTTTGATACCCACACTTTCGAGCATCAGTGTCAGTTGCAGTCCAGTGAGCTGCCTTCGCAATCGGAGTTCTTCGTGATATCTAAGCATTTCACCGCTACACCACGAATTCCGCCCACCTCTACTGTACTCAAGACAGCCAGTATCAACTGCAATTTTACGGTTGAGCCGCAAACTTTCACAACTGACTTAACTGTCCACCTACGCTCCCTTTAAACCCAATAAATCCGGATAACGCTCGGATCCTCCGTATTACCGCGGCTGCTGGCACGGAGTTAGCCGATCCTTATTCATACACGCGGCATGGCTGCATCAGGCTTGCGCCCATTGTGCAATATTCCCCACTGCTGCCTCCCGTAGGAGTTGGCAGTG","Bacteria",NA,NA,NA,NA,NA,NA
"AATATGCGGACTACCAGGGTTTCTAATCCTGTTTGATACCCACACTTTCGAGCATCAGTGTCAGTTGCAGTCTAGTGAGCTGCCTTCGCAATCGGAGTTCTTCGTGATATCTAAGCATTTCACCGCTACACCACGAATTCCGCCCACCTCTACTGTACTCAAGACTGCCAGTTTCAACTGCAATTTTACGGTTGAGCCGCAAACTTTCACAACTGACTTAACAATCCACCTACGCTCCCTTTAAACCCAATAAATCCGGATAACGCTCGGATCCTCCGTATTACCGCGGCTGCTGGCACGGAGTTAGCCGATCCTTATTCATACACGCGGCATGGCTGCATCAGGCTTGCGCCCATTGTGCAATATTCCCCACTGCTGCCTCCCGTAGGAGTTGGCAGTG","Bacteria",NA,NA,NA,NA,NA,NA
"ATGCCTGGACTACTAGGGTATCTAATCCTGTTTGATACCCACACTTTCGAGCCTCAATGTCAGTTGCAGCTTAGCAGGCTGCCTTCGCAATCGGAGTTCTTCGTGATATCTAAGCATTTCACCGCTACACCACGAATTCCGCCTGCCTCAACTGCACTCAAGATATCCAGTATCAACTGCAATTTTACGGTTGAGCCGCAAACTTTCACAACTGACTTAAACATCCATCTACGCTCCCTTTAAACCCAATAAATCCGGATAACGCTCGGATCCTCCGTATTACCGCGGCTGCTGGCACGGAGTTAGCCGATCCTTATTCATACACGCGGCATGGCTGCATCAGGCTTGCGCCCATTGTGCAATATTCCCCACTGCTGCCTCCCGTAGGAGTTGGCAGTG","Bacteria",NA,NA,NA,NA,NA,NA
"AATATGCGGACTACTAGGGTTTCTAATCCTGTTTGATACCCACACTTTCGAGCATCAGCGTCAGTTACACTCCAGTGAGCTGCCTTCGCAATCGGAGTTCTTCGTGATATCTAAGCATTTCACCGCTACACCACGAATTCCGCCCACCTCTGCTGCACTCAAGGATACCAGTATCAACTGCAATTTTACGGTTGAGCCGCAAACTTTCACAACTGACTTAATACCCCGCCTACGCTCCCTTTAAACCCAATAAATCCGGATAACGCTCGGATCCTCCGTATTACCGCGGCTGCTGGCACGGAGTTAGCCGATCCTTATTCATACACGCGGCATGGCTGCATCAGGCTTGCGCCCATTGTGCAATATTCCCCACTGCTGCCTCCCGTAGGAGTTGGCAGTG","Bacteria",NA,NA,NA,NA,NA,NA
"ATGCCTGGACTACTAGGGTTTCTAATCCTGTTTGCTCCCCACGCTTTCGTGCCTCAACGTCAGATATAGTTTGGTAAGCTGCCTTCGCAATCGGTGTTCTGTATGATCTCTAAGCATTTCACCGCTACACCATACATTCCGCCTACCGCAACTACTCTCTAGTTCAACAGTATTAGAGGCAGTTCCGGTGTTAAGCACCGGTATTTCACCTCTAACTTATCAAACCGCCTACGCACCCTTTAAACCCAATAAATCCGGATAACGCTTGGATCCTCCGTATTACCGCGGCTGCTGGCACGGAGTTAGCCGATCCTTATTCGTACGATACTTGGCTGGTTCAGACTCTCGTCCATTGACCAATATTCCTCACTGCTGCCTCCCGTAGGAGTACGATG","Bacteria",NA,NA,NA,NA,NA,NA
"TGCAAGGAGGACTACTCGGGTTTCTAATCCTGTTTGATACCCACACTTTCGAGCATCAGCGTCAGTTACAGTCCAGTAAGCTGCCTTCGCAATCGGAGTTCTTCGTGATATCTAAGCATTTCACCGCTACACCACGAATTCCGCCTACCTCTACTGCACTCAAGACGACCAGTATCAACTGCAATTTTACGGTTGAGCCGCAAACTTTCACAGCTGACTTAATAGTCCGCCTACGCTCCCTTTAAACCCAATAAATCCGGATAACGCTCGGATCCTCCGTATTACCGCGGCTGCTGGCACGGAGTTAGCCGATCCTTATTCATACACGCGGCATGGCTGCATCAGGCTTGCGCCCATTGTGCAATATTCCCCACTGCTGCCTCCCGTAGGAGTTAGCCA","Bacteria",NA,NA,NA,NA,NA,NA
"GCCATGGACTACTAGGGTTTCTAATCCTGTTTGATACCCACACTTTCGAGCATGAACGTCAGTTACACTTTAGCAAGCTGCCTTCGCAATCGGAGTTCTTCGTGATATCTAAGCATTTCACCGCTACACCACGAATTCCGCCTGCCTCAACTGCACTCAAGGTCTCCAGTATCAACTGCAATTTTAAGGTTGAGCCCCAAACTTTCACAGCTGACTTAAAAACCCGTCTGCGCTCCCTTTAAACCCAATAAATCCGGATAACGCTCGCATCCCCCGTATTACCGCGGCTGCTGGCACGGAGTTAGCCGATGCTTATTCGTCAAGTACTGGCAAGACAGCACGCGACTTGGCTGGTTCAGGCTCTCGCCCATTGACCAATATTCCTCACTGCTGCCTCCCGTAGGAGTCCATGA","Bacteria","Proteobacteria",NA,NA,NA,NA,NA
"GAGGAGGACTACTAGGGTTTCTAATCCTGTTTGATACCCACACTTTCGAGCATCAGTGTCAGTTGCAGTCCAGTGAGCTGCCTTCGCAATCGGAGTTCTTCGTGATATCTAAGCATTTCACCGCTACACCACGAATTCCGCCCACCTCTACTGTACTCAAGACTGACAGTATCAACTGCAATTTTACGGTTGAGCCGCAAACTTTCACAACTGACTTACCAGTCCACCTACGCTCCCTTTAAACCCAATAAATCCGGATAACGCTCGGATCCTCCGTATTACCGCGGCTGCTGGCACGGAGTTAGCCGATCCTTATTCATACACGCGGCATGGCTGCATCAGGCTTGCGCCCATTGTGCAATATTCCCCACTGCTGCCTCCCGTAGGAGTTAGCCA","Bacteria",NA,NA,NA,NA,NA,NA
"CACGTGGACTACTAGGGTTTCTAATCCTGTTTGATACCCACACTTTCGAGCATCAGTGTCAGTTGCAGTCCAGTGAGCTGCCTTCGCAATCGGAGTTCTTCGTGATATCTAAGCATTTCACCGCTACACCACGAATTCCGCCCACCTCTACTGTACTCAAGACTGACAGTATCAACTGCAATTTTACGGTTGAGCCGCAAACTTTCACAACTGACTTACCAGTCCACCTACGCTCCCTTTAAACCCAATAAATCCGGATAACGCTCGGATCCTCCGTATTACCGCGGCTGCTGGCACGGAGTTAGCCGATCCTTATTCATACACGCGGCATGGCTGCATCAGGCTTGCGCCCATTGTGCAATATTCCCCACTGCTGCCTCCCGTAGGAGTTAGCCA","Bacteria",NA,NA,NA,NA,NA,NA
"CCAGCTGGACTACTCGGGTTTCTAATCCTGTTTGATACCCACACTTTCGAGCATCAGTGTCAGTTGCAGTCCAGTGAGCTGCCTTCGCAATCGGAGTTCTTCGTGATATCTAAGCATTTCACCGCTACACCACGAATTCCGCCCACCTCTACTGTACTCAAGACAGCCAGTATCAACTGCAATTTTACGGTTGAGCCGCAAACTTTCACAACTGACTTAACTGTCCACCTACGCTCCCTTTAAACCCAATAAATCCGGATAACGCTCGGATCCTCCGTATTACCGCGGCTGCTGGCACGGAGTTAGCCGATCCTTATTCATACACGCGGCATGGCTGCATCAGGCTTGCGCCCATTGTGCAATATTCCCCACTGCTGCCTCCCGTAGGAGTTAGCCA","Bacteria",NA,NA,NA,NA,NA,NA
"CACGTGGACTACTAGGGTTTCTAATCCTGTTTGATACCCACACTTTCGAGCATGAACGTCAGTTACAGTTTAGCAAGCTGCCTTCGCAATCGGGGTTCTTCGTGATATCTAAGCATTTCACCGCTACACCACGAATTCCGCCTGCCTCAACTGCACTCAAGGAAACCAGTATCAACTGCAATTTTACGGTTGAGCCGCAAACTTTCACAACTGACTTAATCTCCCGTCTGCGCTCCCTTTAAACCCAATAAATCCGGATAACGCTCGCATCCTCCGTATTACCGCGGCTGCTGGCACGGAGTTAGCCGATGCTTTTTCTTCGGATACTTGGCTGGTTCAGACTCTCGTCCATTGACCAATATTCCTCACTGCTGCCTCCCGTAGGAGTCCATGA","Bacteria",NA,NA,NA,NA,NA,NA
"CACGTGGACTACTGGGGTTTCTAATCCTGTTTGATACCCACACTTTCGAGCATGAACGTCAGTTACGGCTTAGTGTGCTGCCTTCGCAATCGGAGTTCTTCGTGATATCTAAGCATTTCACCGCTACACCACGAATTCCGCACACCTCAACCGCACTCAAGGACGCCAGTATCAACTGCAATTTTAAGGTTGAGCCCCAAACTTTCACAGCTGACTTAACGACCCGTCTGCGCTCCCTTTAAACCCAATAAATCCGGATAACGCTCGCATCCCCCGTATTACCGCGGCTGCTGGCACGGAGTTAGCCGATGCTTATTCGTCAAGTACTGGCAAGACAGCACGCGACTTGGCTGGTTCAGGCTCTCGCCCATTGACCAATATTCCTCACTGCTGCCTCCCGTAGGAGTCCATGA","Bacteria",NA,NA,NA,NA,NA,NA
"GCGTATGGACTACTAGGGTTTCTAATCCTGTTTGATACCCACACTTTCGAGCATCAGTGTCAGTTGCAGTCCAGTGAGCTGCCTTCGCAATCGGAGTTCTTCGTGATATCTAAGCATTTCACCGCTACACCACGAATTCCGCCCACCTCTACTGTACTCAAGACAGCCAGTATCAACTGCAATTTTACGGTTGAGCCGCAAACTTTCACAACTGACTTAACTGTCCACCTACGCTCCCTTTAAACCCAATAAATCCGGATAACGCTCGGATCCTCCGTATTACCGCGGCTGCTGGCACGGAGTTAGCCGATCCTTATTCATATGGTACATACAAAATTCCACACTGCTGCCTCCCGTAGGAGTTCCACAGC","Bacteria",NA,NA,NA,NA,NA,NA
"CGATGTGGACTACTCGGGTTTCTAATCCTGTTTGATACCCACACTTTCGAGCATGAACGTCAGTTACGGCTTAGTGTGCTGCCTTCGCAATCGGAGTTCTTCGTGATATCTAAGCATTTCACCGCTACACCACGAATTCCGCACACCTCAACCGCACTCAAGGACGCCAGTATCAACTGCAATTTTAAGGTTGAGCCCCAAACTTTCACAGCTGACTTAACGACCCGTCTGCGCTCCCTTTAAACCCAATAAATCCGGATAACGCTCGCATCCCCCGTATTACCGCGGCTGCTGGCACGGAGTTAGCCGATGCTTATTCGTCAAGTACTGGCAAGACAGCACGCGACTTGGCTGGTTCAGGCTCTCGCCCATTGACCAATATTCCTCACTGCTGCCTCCCGTAGGAGTCCATGA","Bacteria","Proteobacteria",NA,NA,NA,NA,NA
"TGCAAGGAGGACTACTAGGGTTTCTAATCCTGTTTGATACCCACACTTTCGAGCATCAGTGTCAGTTGCAGTCTAGTGAGCTGCCTTCGCAATCGGAGTTCTTCGTGATATCTAAGCATTTCACCGCTACACCACGAATTCCGCCCACCTCTACTGTACTCAAGACTGCCAGTTTCAACTGCAATTTTACGGTTGAGCCGCAAACTTTCACAACTGACTTAACAATCCACCTACGCTCCCTTTAAACCCAATAAATCCGGATAACGCTCGGATCCTCCGTATTACCGCGGCTGCTGGCACGGAGTTAGCCGATCCTTATTCATACACGCGGCATGGCTGCATCAGGCTTGCGCCCATTGTGCAATATTCCCCACTGCTGCCTCCCGTAGGAGTTAGCCA","Bacteria",NA,NA,NA,NA,NA,NA
"ACGTGGTAGGACTACTGGGGTTTCTAATCCTGTTTGATACCCACACTTTCGAGCATCAGTGTCAGTTGCAGTCCAGTGAGCTGCCTTCGCAATCGGAGTTCTTCGTGATATCTAAGCATTTCACCGCTACACCACGAATTCCGCCCACCTCTACTGTACTCAAGACAGCCAGTATCAACTGCAATTTTACGGTTGAGCCGCAAACTTTCACAACTGACTTAACTGTCCACCTACGCTCCCTTTAAACCCAATAAATCCGGATAACGCTCGGATCCTCCGTATTACCGCGGCTGCTGGCACGGAGTTAGCCGATCCTTATTCATATGGTACATACAAAATTCCACACTGCTGCCTCCCGTAGGAGTTCCACAGC","Bacteria",NA,NA,NA,NA,NA,NA
"TCTCAGTCGGACTACTCGGGTATCTAATCCTGTTTGATACCCACACTTTCGAGCCTCAATGTCAGTTGCAGCTTAGCAGGCTGCCTTCGCAATCGGAGTTCTTCGTGATATCTAAGCATTTCACCGCTACACCACGAATTCCGCCTGCCTCAACTGCACTCAAGATATCCAGTATCAACTGCAATTTTACGGTTGAGCCGCAAACTTTCACAACTGACTTAAACATCCATCTACGCTCCCTTTAAACCCAATAAATCCGGATAACGCTCGGATCCTCCGTATTACCGCGGCTGCTGGCACGGAGTTAGCCGATCCTTATTCATACACGCGGCATGGCTGCATCAGGCTTGCGCCCATTGTGCAATATTCCCCACTGCTGCCTCCCGTAGGAGTTAGCCA","Bacteria",NA,NA,NA,NA,NA,NA
"TTCCTGGAGGACTACTAGGGTTTCTAATCCTGTTCGCTCCCCACGCTTTCGTGCATCAGCGTCAGTGATAGCTTGGAAAGCTGCCTTCGCAATCGGTGTTCTGTGTGATATCTAAGCATTTCACCGCTACACCACACATTCCGCCTTCCGCAACTATACTCTAGACCAACAGTATTAGAGGCAATTTCAACGTTAAGCGCTGAGCTTTCACCTCTAACTTACCAATCCGCCTACGCACCCTTTAAACCCAATAAATCCGGATAACGCTCGCATCCTCCGTATTACCGCGGCTGCTGGCACGGAGTTAGCCGATGCTTTTTCTTCGGATACTTGGCTGGTTCAGACTCTCGTCCATTGACCAATATTCCTCACTGCTGCCTCCCGTAGGAGTCCATGA","Bacteria",NA,NA,NA,NA,NA,NA
"CCAGCTGGACTACTCGGGTTTCTAATCCTGTTTGATACCCACACTTTCGAGCATCAGTGTCAGTTGCAGTCCAGTGAGCTGCCTTCGCAATCGGAGTTCTTCGTGATATCTAAGCATTTCACCGCTACACCACGAATTCCGCCCACCTCTACTGTACTCAAGACAGCCAGTATCAACTGCAATTTTACGGTTGAGCCGCAAACTTTCACAACTGACTTAACTGTCCACCTACGCTCCCTTTAAACCCAATAAATCCGGATAACGCTCGGATCCTCCGTATTACCGCGGCTGCTGGCACGGAGTTAGCCGATCCTTATTCATATGGTACATACAAAATTCCACACTGCTGCCTCCCGTAGGAGTTCCACAGC","Bacteria",NA,NA,NA,NA,NA,NA
"CGATGTGGACTACTCGGGTTTCTAATCCTGTTCGCTACCCACGCTCTCGCGCATCAGCGTCAGAACGAGCCTGGGAAGCTGCCTTCGCTATCGGGGTTCCAAGTGATATCTATGCATTTCACCGCTACTTCACTTGTTCCGCCTCCCTCGTCTCGTCTCTAGGTCAACAGTTTCAACGGCGTGCTACAGTTTAGCTGCAGTCTTTTACCGCTGACTTGCCGTCCCGCCTACGCGCCCTTTAAACCCAATAAATCCGGATAACGCTCGCATCCCCCGTATTACCGCGGCTGCTGGCACGGAGTTAGCCGATGCTTATTCGTCAAGTACTGGCAAGACAGCACGCGACTTGGCTGGTTCAGGCTCTCGCCCATTGACCAATATTCCTCACTGCTGCCTCCCGTAGGAGTCCATGA","Bacteria",NA,NA,NA,NA,NA,NA
"TGCAAGGAGGACTACTCGGGTTTCTAATCCTGTTTGATACCCACACTTTCGAGCATCAATGTCAGTTACAGGTTAGTAAGCTGCCTTCGCAATCGGAGTTCTTCGTGATATCTAAGCATTTCACCGCTACACCACGAATTCCGCCTACCTCAACTGTACTCAAGACTGCCAGTATCAATTGCAATTTTACGGTTGAGCCGCAAACTTTCACAACTGACTTAACAACCCATCTACGCTCCCTTTAAACCCAATAAATCCGGATAACGCTCGCATCCTCCGTATTACCGCGGCTGCTGGCACGGAGTTAGCCGATGCTTTTTCTTCGGATACTTGGCTGGTTCAGACTCTCGTCCATTGACCAATATTCCTCACTGCTGCCTCCCGTAGGAGTCCATGA","Bacteria",NA,NA,NA,NA,NA,NA
"CACGTGGACTACTCGGGTTTCTAATCCTGTTTGATACCCACACTTTCGAGCATGAACGTCAGTTACGGCTTAGTGTGCTGCCTTCGCAATCGGAGTTCTTCGTGATATCTAAGCATTTCACCGCTACACCACGAATTCCGCACACCTCAACCGCACTCAAGGACGCCAGTATCAACTGCAATTTTAAGGTTGAGCCCCAAACTTTCACAGCTGACTTAACGACCCGTCTGCGCTCCCTTTAAACCCAATAAATCCGGATAACGCTCGCATCCTCCGTATTACCGCGGCTGCTGGCACGGAGTTAGCCGATGCTTTTTCTTCGGATACTTGGCTGGTTCAGACTCTCGTCCATTGACCAATATTCCTCACTGCTGCCTCCCGTAGGAGTCCATGA","Bacteria",NA,NA,NA,NA,NA,NA
"CCAGCTGGACTACTAGGGTTTCTAATCCTGTTTGATACCCACACTTTCGAGCCTCAATGTCAGTTGCAGCTTAGCAGGCTGCCTTCGCAATCGGAGTTCTTCGTGATATCTAAGCATTTCACCGCTACACCACGAATTCCGCCTGCCTCAACTGCACTCAAGACATCCAGTATCAACTGCAATTTTACGGTTGAGCCGCAAACTTTCACAACTGACTTAACTGTCCACCTACGCTCCCTTTAAACCCAATAAATCCGGATAACGCTCGGATCCTCCGTATTACCGCGGCTGCTGGCACGGAGTTAGCCGATCCTTATTCATATGGTACATACAAAATTCCACACTGCTGCCTCCCGTAGGAGTTCCACAGC","Bacteria",NA,NA,NA,NA,NA,NA
"AATATGCGGACTACTAGGGTTTCTAATCCTGTTTGATACCCACACTTTCGAGCATCAGCGTCAGTTACAATCCAGTAAGCTGCCTTCGCAATCGGAGTTCTTCGTGATATCTAAGCATTTCACCGCTACACCACGAATTCCGCCTACCTCTGTTGCACTCAAGGTCGCCAGTATCAACTGCAATTTTACGGTTGAGCCGCAAACTTTCACAACTGACTTAACAACCCGCCTACGCTCCCTTTAAACCCAATAAATCCGGATAACGCTCGGATCCTCCGTATTACCGCGGCTGCTGGCACGGAGTTAGCCGATCCTTATTCATACACGCGGCATGGCTGCATCAGGCTTGCGCCCATTGTGCAATATTCCCCACTGCTGCCTCCCGTAGGAGTTAGCCA","Bacteria",NA,NA,NA,NA,NA,NA
"CCAGCTGGACTACACGGGTTTCTAATCCTGTTTGATACCCACACTTTCGAGCCTCAATGTCAGTTGCAGCTTAGCAGGCTGCCTTCGCAATCGGAGTTCTTCGTGATATCTAAGCATTTCACCGCTACACCACGAATTCCGCCTGCCTCAACTGCACTCAAGACATCCAGTATCAACTGCAATTTTACGGTTGAGCCGCAAACTTTCACAACTGACTTAAACATCCATCTACGCTCCCTTTAAACCCAATAAATCCGGATAACGCTCGGATCCTCCGTATTACCGCGGCTGCTGGCACGGAGTTAGCCGATCCTTATTCATACACGCGGCATGGCTGCATCAGGCTTGCGCCCATTGTGCAATATTCCCCACTGCTGCCTCCCGTAGGAGTTAGCCA","Bacteria",NA,NA,NA,NA,NA,NA
"AATATGCGGACTACTAGGGTTTCTAATCCTGTTTGATCCCCACGCTTTCGTGCATCAGCGTCAGTCATGGCTTGGCAGGCTGCCTTCGCAATCGGGGTTCTGCGTGATATCTAAGCATTTCACCGCTACACCACGCATTCCGCCTGCCTCAAACATACTCAAGCCCCCCAGTTTCAACGGCAATTCTATGGTTGAGCCACAGACTTTCACCGCTGACTTAAAAGGCCGCCTACGCACCCTTTAAACCCAATAAATCCGGATAACGCTCGGATCCTCCGTATTACCGCGGCTGCTGGCACGGAGTTAGCCGATCCTTATTCATACACGCGGCATGGCTGCATCAGGCTTGCGCCCATTGTGCAATATTCCCCACTGCTGCCTCCCGTAGGAGTTAGCCA","Bacteria",NA,NA,NA,NA,NA,NA
"GCCATGGACTACTAGGGTTTCTAATCCTGTTCGCTACCCACGCTCTCGCGCATCAGCGTCAGAACGAGCCTGGGAAGCTGCCTTCGCTATCGGGGTTCCAAGTGATATCTATGCATTTCACCGCTACTTCACTTGTTCCGCCTCCCTCGTCTCGTCTCCAGGGCGCCAGTTTCAACGGCGTGCTACAGTTTAGCTGCAGTCTTTTACCGCTGACTTGACGTCCCGCCTACGCGCCCTTTAAACCCAATAAATCCGGATAACGCTCGCATCCTCCGTATTACCGCGGCTGCTGGCACGGAGTTAGCCGATGCTTTTTCTTCGGATACTTGGCTGGTTCAGACTCTCGTCCATTGACCAATATTCCTCACTGCTGCCTCCCGTAGGAGTCCATGA","Bacteria",NA,NA,NA,NA,NA,NA
"CTCAGGGACTACTAGGGTTTCTAATCCTGTTTGATACCCACACTTTCGAGCATGAACGTCAGTTACGGCTTAGTGTGCTGCCTTCGCAATCGGAGTTCTTCGTGATATCTAAGCATTTCACCGCTACACCACGAATTCCGCACACCTCAACCGCACTCAAGGACGCCAGTATCAACTGCAATTTTAAGGTTGAGCCCCAAACTTTCACAGCTGACTTAACGACCCGTCTGCGCTCCCTTTAAACCCAATAAATCCGGATAACGCTCGCATCCCCCGTATTACCGCGGCTGCTGGCACGGAGTTAGCCGATGCTTATTCGTCAAGTACTGGCAAGACAGCACGCGACTTGGCTGGTTCAGGCTCTCGCCCATTGACCAATATTCCTCACTGCTGCCTCCCGTAGGAGTCCATGA","Bacteria",NA,NA,NA,NA,NA,NA
"GCGTATGGACTACTAGGGTTTCTAATCCTGTTTGATACCCACACTTTCGAGCATCAGCGTCAGTTACAATCCAGTAAGCTGCCTTCGCAATCGGAGTTCTTCGTGATATCTAAGCATTTCACCGCTACACCACGAATTCCGCCTACCTCTGTTGCACTCAAGGTCGCCAGTATCAACTGCAATTTTACGGTTGAGCCGCAAACTTTCACAACTGACTTAAACATCCATCTACGCTCCCTTTAAACCCAATAAATCCGGATAACGCTCGGATCCTCCGTATTACCGCGGCTGCTGGCACGGAGTTAGCCGATCCTTATTCATACACGCGGCATGGCTGCATCAGGCTTGCGCCCATTGTGCAATATTCCCCACTGCTGCCTCCCGTAGGAGTTAGCCA","Bacteria",NA,NA,NA,NA,NA,NA
"GGAACGGACTACTCGGGTTTCTAATCCTGTTCGATACCCACGCTTTCGAGCCTCAGCGTCAGTCGCGAGTTGGTATGCTGCCTTCGCAATCGGAGTTCTGCGTCATATCTATGCATTTCACCGCTACACAACGCATTCCGCATACCTCACTCGAACTCTAGCAAGACAGTTTCAACGGCAGGCCGGGGTTGAGCCCCGACATTTGACCGCTGACTTGCCTCGCAGCCTGCGCTCCCTTTAAACCCAATAAATCCGGATAACGCTCGCATCCTCCGTATTACCGCGGCTGCTGGCACGGAGTTAGCCGATGCTTTTTCTTCGGATACTTGGCTGGTTCAGACTCTCGTCCATTGACCAATATTCCTCACTGCTGCCTCCCGTAGGAGTCCATGA","Bacteria",NA,NA,NA,NA,NA,NA
"GCCATGGACTACTAGGGTTTCTAATCCTGTTCGCTACCCACGCTCTCGCGCATCAGCGTCAGAACGAGCCTGGGAAGCTGCCTTCGCTATCGGGGTTCCAAGTGATATCTATGCATTTCACCGCTACTTCACTTGTTCCGCCTCCCTCGTCTCGTCTCCAGGGCGCCAGTTTCAACGGCGTGCTACAGTTTAGCTGCAGTCTTTTACCGCTGACTTGACGTCCCGCCTACGCGCCCTTTAAACCCAATAAATCCGGATAACGCTCGCATCCCCCGTATTACCGCGGCTGCTGGCACGGAGTTAGCCGATGCTTATTCGTCAAGTACTGGCAAGACAGCACGCGACTTGGCTGGTTCAGGCTCTCGCCCATTGACCAATATTCCTCACTGCTGCCTCCCGTAGGAGTCCATGA","Bacteria",NA,NA,NA,NA,NA,NA
"CACGTGGACTACCAGGGTTTCTAATCCTGTTTGATACCCACACTTTCGAGCATGAACGTCAGTTACAGTTTAGCAAGCTGCCTTCGCAATCGGGGTTCTTCGTGATATCTAAGCATTTCACCGCTACACCACGAATTCCGCCTGCCTCAACTGCACTCAAGGAAACCAGTATCAACTGCAATTTTACGGTTGAGCCGCAAACTTTCACAACTGACTTAATCTCCCGTCTGCGCTCCCTTTAAACCCAATAAATCCGGATAACGCTCGCATCCTCCGTATTACCGCGGCTGCTGGCACGGAGTTAGCCGATGCTTTTTCTTCGGATACTTGGCTGGTTCAGACTCTCGTCCATTGACCAATATTCCTCACTGCTGCCTCCCGTAGGAGTCCATGA","Bacteria",NA,NA,NA,NA,NA,NA
"GCTCTAGGACTACTAGGGTTTCTAATCCTGTTTGATACCCACACTTTCGAGCATCAGTGTCAGTTGCAGTCCAGTGAGCTGCCTTCGCAATCGGAGTTCTTCGTGATATCTAAGCATTTCACCGCTACACCACGAATTCCGCCCACCTCTACTGTACTCAAGACAGCCAGTATCAACTGCAATTTTACGGTTGAGCCGCAAACTTTCACAACTGACTTAACTGTCCACCTACGCTCCCTTTAAACCCAATAAATCCGGATAACGCTCGGATCCTCCGTATTACCGCGGCTGCTGGCACGGAGTTAGCCGATCCTTATTCATATGGTACATACAAAATTCCACACTGCTGCCTCCCGTAGGAGTTCCACAGC","Bacteria",NA,NA,NA,NA,NA,NA
"CACCGTGGACTACTCGGGTTTCTAATCCTGTTTGCTCCCCACGCTTTCGTGCATGAGCGTCAGTCGTATCCCAGGGGGCTGCCTTCGCCATTGGTGTTCTTCCAAATATCTACGCATTTCACTGCTACACTTGGAATTCCACCCCCCTCTGATAAACTCCAGTTCCGCAGTCATAAATGCAATTCCCAGGTTAAGCCCGGGGATTTCACATCTATCTTACGGAACCGCCTGCGCACGCTTTACGCCCAGTAATTCCGATTAACGCTTGCACCCTACGTATTACCGCGGCTGCTGGCACGTAGTTAGCCGGTGCTTATTCTTCATACACGCGGCATGGCTGCATCAGGCTTGCGCCCATTGTGCAATATTCCCCACTGCTGCCTCCCGTAGGAGTATCGCA","Bacteria",NA,NA,NA,NA,NA,NA
"CACCGTGGACTACTAGGGTTTCTAATCCTGTTTGCTCCCCACGCTTTCGTGCATGAGCGTCAGTCGTATCCCAGGGGGCTGCCTTCGCCATTGGTGTTCTTCCAAATATCTACGCATTTCACTGCTACACTTGGAATTCCACCCCCCTCTGATAAACTCCAGTTCCGCAGTCATAAATGCAATTCCCAGGTTAAGCCCGGGGATTTCACATCTATCTTACGGAACCGCCTGCGCACGCTTTACGCCCAGTAATTCCGATTAACGCTTGCACCCTACGTATTACCGCGGCTGCTGGCACGTAGTTAGCCGGTGCTTATTCTTCATACACGCGGCATGGCTGCATCAGGCTTGCGCCCATTGTGCAATATTCCCCACTGCTGCCTCCCGTAGGAGTATCGCA","Bacteria",NA,NA,NA,NA,NA,NA
"TCACCGCTACACCACGAATTCCGCCCACTTTGTGCGTACTCAAGGAAACCAGTTCGCGCTGCAGTGCAGACGTTGAGCGTCTACATTTCACAACACGCTTAATCTCCGGCCTACGCTCCCTTTAAACCCAATAAATCCGGATAACGCCCGGACCTTCCGTATTACCGCGGCTGCTGGCACGGAATTAGCCGGTCCTTATTCATAAGGTACATGCAAAAAGTCTCACGAGACTCACTTTATTCCCTTATAAAAGCAGTTTACAACCCATAGGGCCGTCATCCTGCACGCTACTTGGCTGGTTCAGACTCTCGTCCATTGACCAATATTCCTCACTGCTGCCTCCCGTAGGAGTGCTAG","Bacteria","Proteobacteria",NA,NA,NA,NA,NA
"TCACCGCTACACCACGAATTCCGCCCACTTTGTGCGTACTCAAGGAAACCAGTTCGCGCTGCAGTGCAGACGTTGAGCGTCTACATTTCACAACACGCTTAATCTCCGGCCTACGCTCCCTTTAAACCCAATAAATCCGGATAACGCCCGGACCTTCCGTATTACCGCGGCTGCTGGCACGGAATTAGCCGGTCCTTATTCATAAGGTACATGCAAAAAGTCTCACGAGACTCACTTTATTCCCTTATAAAAGCAGTTTACAACCCATAGGGCCGTCTTCCTGCACGCTACTTGGCTGGTTCAGACTCTCGGCCATTGACCAATATTCCTCACTGCTGCCTCCCGTAGGAGTGCTAG","Bacteria","Proteobacteria",NA,NA,NA,NA,NA
"TCACCGCTACACCACGAATTCCGCCCACTTTGTGCGTACTCAAGGAAACCAGTTCGCGCTGCAGTGCAGACGTTGAGCGTCTACATTTCACAACACGCTTAATCTCCGGCCTACGCTCCCTTTAAACCCAATAAATCCGGATAACGCCCGGACCTTCCGTATTACCGCGGCTGCTGGCACGGAATTAGCCGGTCCTTATTCATAAGGTACATGCAAAAAGTCTCACGAGACTCACTTTATTCCCTTATAAAAGCAGTTTACAACCCATAGGGCCGTCTTCCTGCACGCTACTTGGCTGGTTCAGACTCTCGTCCATTGACCAATATTCCTCACTGCTGCCTCCCGTAGGAGTGCTAG","Bacteria","Proteobacteria",NA,NA,NA,NA,NA
"CGATGTGGACTACTCGGGTTTCTAATCCTGTTTGATACCCACACTTTCGAGCATCAGCGTCAGTTACAGTCCAGCAAGCTGCCTTCGCAATCGGAGTTCTTCGTGATATCTAAGCATTTCACCGCTACACCACGAATTCCGCCTGCCTCTACTGTACTCAAGACACCCAGTATCAACTGCAATTTTACGGTTGAGCCGCAAACTTTCACAACTGACTTAAGCGTCCGCCTACGCTCCCTTTAAACCCAATAAATCCGGATAACGCTCGGATCCTCCGTATTACCGCGGCTGCTGGCACGGAGTTAGCCGATCCTTATTCATACGGTACATACAAAAAGGCACGCGTGCCTCACTGCTGCCTCCCGTAGGAGTTACCTGG","Bacteria",NA,NA,NA,NA,NA,NA
"ACGTGGTAGGACTACTAGGGTTTCTAATCCTGTTTGATACCCACACTTTCGAGCATGAACGTCAGTTACAGTTTAGCAAGCTGCCTTCGCAATCGGGGTTCTTCGTGATATCTAAGCATTTCACCGCTACACCACGAATTCCGCCTGCCTCAACTGCACTCAAGGAAACCAGTATCAACTGCAATTTTACGGTTGAGCCGCAAACTTTCACAACTGACTTAAACATCCATCTACGCTCCCTTTAAACCCAATAAATCCGGATAACGCTCGGATCCTCCGTATTACCGCGGCTGCTGGCACGGAGTTAGCCGATCCTTATTCATACACGCGGCATGGCTGCATCAGGCTTGCGCCCATTGTGCAATATTCCCCACTGCTGCCTCCCGTAGGAGTTAGCCA","Bacteria",NA,NA,NA,NA,NA,NA
"GTCAAGGACTACTAGGGTTTCTAATCCTGTTTGATACCCACACTTTCGAGCATCAGCGTCAGTTACAATCCAGTAAGCTGCCTTCGCAATCGGAGTTCTTCGTGATATCTAAGCATTTCACCGCTACACCACGAATTCCGCCTACCTCTGTTGCACTCAAGGTCGCCAGTATCAACTGCAATTTTACGGTTGAGCCGCAAACTTTCACAACTGACTTAACAACCCGCCTACGCTCCCTTTAAACCCAATAAATCCGGATAACGCTCGAATCCTCCGTATTACCGCGGCTGCTGGCACGGAGTTAGCCGATCCTTATTCATACGGT","Bacteria",NA,NA,NA,NA,NA,NA
"CCAGCTGGACTACCCGGGTTTCTAATCCTGTTTGATACCCACACTTTCGAGCATCAGTGTCAGTTGCAGTCCAGTGAGCTGCCTTCGCAATCGGAGTTCTTCGTGATATCTAAGCATTTCACCGCTACACCACGAATTCCGCCCACCTCTACTGTACTCAAGACTGACAGTATCAACTGCAATTTTACGGTTGAGCCGCAAACTTTCACAACTGACTTACCAGTCCACCTACGCTCCCTTTAAACCCAATAAATCCGGATAACGCTCGGATCCTCCGTATTACCGCGGCTGCTGGCACGGAGTTAGCCGATCCTTATTCATACACGCGGCATGGCTGCATCAGGCTTGCGCCCATTGTGCAATATTCCCCACTGCTGCCTCCCGTAGGAGTTAGCCA","Bacteria",NA,NA,NA,NA,NA,NA
"GTCAAGGACTACTGGGGTTTCTAATCCTGTTTGATACCCACACTTTCGAGCATCAGCGTCAGTTACAATCCAGTAAGCTGCCTTCGCAATCGGAGTTCTTCGTGATATCTAAGCATTTCACCGCTACACCACGAATTCCGCCTACCTCTGTTGCACTCAAGGTCGCCAGTATCAACTGCAATTTTACGGTTGAGCCGCAAACTTTCACAACTGACTTAACAACCCGCCTACGCTCCCTTTAAACCCAATAAATCCGGATAACGCTCGAATCCTCCGTATTACCGCGGCTGCTGGCACGGAGTTAGCCGATCCTTATTCATACGGT","Bacteria",NA,NA,NA,NA,NA,NA
"GTCAAGGACTACTAGGGTTTCTAATCCTGTTTGATACCCACACTTTCGAGCATCAGTGTCAGTTGCAGTCCAGTGAGCTGCCTTCGCAATCGGAGTTCTTCGTGATATCTAAGCATTTCACCGCTACACCACGAATTCCGCCCACCTCTACTGTACTCAAGACAGCCAGTATCAACTGCAATTTTACGGTTGAGCCGCAAACTTTCACAACTGACTTAACTGTCCACCTACGCTCCCTTTAAACCCAATAAATCCGGATAACGCTCGGATCCTCCGTATTACCGCGGCTGCTGGCACGGAGTTAGCCGATCCTTATTCATACACGCGGCATGGCTGCATCAGGCTTGCGCCCATTGTGCAATATTCCCCACTGCTGCCTCCCGTAGGAGTTAGCCA","Bacteria",NA,NA,NA,NA,NA,NA
"ACTCCACGGGACTACTAGGGTTTCTAATCCTGTTTGATACCCACACTTTCGAGCATCAGCGTCAGTTACACTCCAGTGAGCTGCCTTCGCAATCGGAGTTCTTCGTGATATCTAAGCATTTCACCGCTACACCACGAATTCCGCCCACCTCTACTGCACTCAAGACTGCCAGTATCAACTGCAATTTTACGGTTGAGCCGCAAACTTTCACAACTGACTTAACAATCCGCCTACGCTCCCTTTAAACCCAATAAATCCGGATAACGCTCGGATCCTCCGTATTACCGCGGCTGCTGGCACGGAGTTAGCCGATCCTTATTCATTCACGCGGCATGGCTGCGTCAGGGTTGCCCCCATTGCGCAATATTCCCCACTGCTGCCTCCCGTAGGAGTAGGCGT","Bacteria",NA,NA,NA,NA,NA,NA
"CACGTGGACTACTAGGGTTTCTAATCCTGTTCGATACCCACGCTTTCGAGCCTCAGCGTCAGTCGCGAGTTGGTATGCTGCCTTCGCAATCGGAGTTCTGCGTCATATCTATGCATTTCACCGCTACACAACGCATTCCGCATACCTCACTCGAACTCTAGCAAGACAGTTTCAACGGCAGGCCGGGGTTGAGCCCCGACATTTGACCGCTGACTTGCCTCGCAGCCTGCGCTCCCTTTAAACCCAATAAATCCGGATAACGCTCGCATCCTCCGTATTACCGCGGCTGCTGGCACGGAGTTAGCCGATGCTTTTTCTTCGGATACTTGGCTGGTTCAGACTCTCGGCCATTGACCAATATTCCTCACTGCTGCCTCCCGTAGGAGTCCATGA","Bacteria",NA,NA,NA,NA,NA,NA
"GACTCTGGACTACTAGGGTTTCTAATCCTGTTCGATACCCACGCTTTCGAGCCTCAGCGTCAGTCGCGAGTTGGTATGCTGCCTTCGCAATCGGAGTTCTGCGTCATATCTATGCATTTCACCGCTACACAACGCATTCCGCATACCTCACTCGAACTCTAGCAAGACAGTTTCAACGGCAGGCCGGGGTTGAGCCCCGACATTTGACCGCTGACTTGCCTCGCAGCCTGCGCTCCCTTTAAACCCAATAAATCCGGATAACGCTCGCATCCTCCGTATTACCGCGGCTGCTGGCACGGAGTTAGCCGATGCTTTTTCTTCGGATACTTGGCTGGTTCAGACTCTCGGCCATTGACCAATATTCCTCACTGCTGCCTCCCGTAGGAGTCCATGA","Bacteria",NA,NA,NA,NA,NA,NA
"TGTAACGGGACTACTAGGGTTTCTAATCCTGTTTGATACCCACACTTTCGAGCCTCAATGTCAGTTGCAGCTTAGCAGGCTGCCTTCGCAATCGGAGTTCTTCGTGATATCTAAGCATTTCACCGCTACACCACGAATTCCGCCCACTTTGTGCGTACTCAAGGAAACCAGTTCGCGCTGCAGTGCAGACGTTGAGCGTCTACATTTCACAACACGCTTAATCTCCGGCCTACGCTCCCTTTAAACCCAATAAATCCGGATAACGCCCGGACCTTCCGTATTACCGCGGCTGCTGGCACGGAATTAGCCGGTCCTTATTCATAAGGTACATGCAAAAAGTCTCACGCTACTTGGCTGGTTCAGACTCTCGTCCATTGACCAATATTCCTCACTGCTGCCTCCCGTAGGAGTCCATGA","Bacteria","Proteobacteria",NA,NA,NA,NA,NA
"TCAGCAGGGACTACACGGGTTTCTAATCCTGTTTGCTACCCACACTTTCGAGCCTCAGCGTCAGTTGGTGCCCAGTAGGCCGCCTTCGCCACTGGTGTTCCTCCCGATATCTACGCATTCCACCGCTACACCGGGAATTCCGCCTACCTCTGCACTACTCAAGAAAAACAGTTTTGAAAGCAGTTCATGGGTTGAGCCCATGGATTTCACTTCCAACTTGTCTTCCCGCCTGCGCTCCCTTTACACCCAGTAATTCCGGACAACGCTTGTGACCTACGTTTTACCGCGGCTGCTGGCACGTAGTTAGCCGTCACTTCCTTCACGCGGCGTTGCTGGGTCAGGCTTGCGCCCATTGCCCAATATTCCCCACTGCTGCCTCCCGTAGGAGTTCAGCT","Bacteria",NA,NA,NA,NA,NA,NA
"ACTCCACGGGACTACTGGGGTTTCTAATCCTGTTTGATACCCACACTTTCGAGCCTCAATGTCAGTTGCAGCTTAGCAGGCTGCCTTCGCAATCGGAGTTCTTCGTGATATCTAAGCATTTCACCGCTACACCACGAATTCCGCCTGCCTCAACTGCACTCAAGATATCCAGTATCAACTGCAATTTTACGGTTGAGCCGCAAACTTTCACAACTGACTTAAACATCCATCTACGCTCCCTTTAAACCCAATAAATCCGGATAACGCTCGCATCCTCCGTATTACCGCGGCTGCTGGCACGGAGTTAGCCGATGCTTTTTCTTCGGATACTTGGCTGGTTCAGACTCTCGGCCATTGACCAATATTCCTCACTGCTGCCTCCCGTAGGAGTCCATGA","Bacteria",NA,NA,NA,NA,NA,NA
"CACGTGGACTACTAGGGTTTCTAATCCTGTTTGCTCCCCACGCTTTCGAGCCTCAGCGTCAGTTATCGTCCAGTAAGCCGCCTTCGCCACTGGTGTTCCTCCTAATATCTACGCATTTCACCGCTACACTAGGAATTCCGCTTACCCCTCCGACACTCTAGTACGACAGTTTCCAATGCAGTACCGGGGTTGAGCCCCGGGCTTTCACATCAGACTTGCCGCACCGCCTGCGCTCCCTTTACACCCAGTAAATCCGGATAACGCTTGCACCATACGTATTACCGCGGCTGCTGGCACGTATTTAGCCGGTGCTTCTTAGTCAGGTACCGTCATCCTTCACGCTACTTGGCTGGTTCAGACTCTCGTCCATTGACCAATATTCCTCACTGCTGCCTCCCGTAGGAGTCCATGA","Bacteria",NA,NA,NA,NA,NA,NA
"AGAATGCAGGACTACTAGGGTTTCTAATCCTGTTTGATACCCACACTTTCGAGCATCAGTGTCAGTTGCAGTCTAGTGAGCTGCCTTCGCAATCGGAGTTCTTCGTGATATCTAAGCATTTCACCGCTACACCACGAATTCCGCCCACCTCTACTGTACTCAAGACTGCCAGTTTCAACTGCAATTTTACGGTTGAGCCGCAAACTTTCACAACTGACTTAACAATCCACCTACGCTCCCTTTAAACCCAATAAATCCGGATAACGCTCGGATCCTCCGTATTACCGCGGCTGCTGGCACGGAGTTAGCCGATCCTTATTCATTCACGCGGCATGGCTGCGTCAGGGTTGCCCCCATTGCGCAATATTCCCCACTGCTGCCTCCCGTAGGAGTAGGCGT","Bacteria",NA,NA,NA,NA,NA,NA
"TGTAACGGGACTACTAGGGTTTCTAATCCTGTTTGCTCCCCACGCTTTCGAGCCTCAACGTCAGTTACAGTCCAGTAAGCCGCCTTCGCCACTGGTGTTCCTCCTAATATCTACGCATTTCACCGCTACACTAGGAATTCCACTTACCTCTCCTGCACTCTAGTCCTACAGTTTCCAAAGCAGTCCCGGGGTTAAGCCCCGGGCTTTCACTTCAGACTTGCAAAACCGTCTACGCTCCCTTTACACCCAGTAAATCCGGATAACGCTTGCACCATACGTATTACCGCGGCTGCTGGCACGTATTTAGCCGGTGCTTCTTAGTCAGGTACCGTCATCCTTCACGCTACTTGGCTGGTTCAGACTCTCGTCCATTGACCAATATTCCTCACTGCTGCCTCCCGTAGGAGTCCATGA",NA,NA,NA,NA,NA,NA,NA
"TACGATAGGACTACTCGGGTTTCTAATCCTGTTTGATACCCACACTTTCGAGCATCAGTGTCAGTTGCAGTCTAGTGAGCTGCCTTCGCAATCGGAGTTCTTCGTGATATCTAAGCATTTCACCGCTACACCACGAATTCCGCCCACCTCTACTGTACTCAAGACTGCCAGTTTCAACTGCAATTTTACGGTTGAGCCGCAAACTTTCACAACTGACTTAACAATCCACCTACGCTCCCTTTAAACCCAATAAATCCGGATAACGCTCGGATCCTCCGTATTACCGCGGCTGCTGGCACGGAGTTAGCCGATCCTTATTCATAGGGTACATACAAAATTCCACACTGCTGCCTCCCGTAGGAGTAGGCGT","Bacteria","Proteobacteria",NA,NA,NA,NA,NA
"GGAACGGACTACTAGGGTTTCTAATCCTGTTTGATACCCACACTTTCGAGCATCAGTGTCAGTTGCAGTCCAGTGAGCTGCCTTCGCAATCGGAGTTCTTCGTGATATCTAAGCATTTCACCGCTACACCACGAATTCCGCCCACCTCTACTGTACTCAAGACACGCAGTTTCAACTGCAATTTTACGGTTGAGCCGCAAACTTTCACAACTGACTTACATGTCCACCTACGCTCCCTTTAAACCCAATAAATCCGGATAACGCTCGGATCCTCCGTATTACCGCGGCTGCTGGCACGGAGTTAGCCGATCCTTATTCATTCACGCGGCATGGCTGCGTCAGGGTTGCCCCCATTGCGCAATATTCCCCACTGCTGCCTCCCGTAGGAGTAGGCGT","Bacteria",NA,NA,NA,NA,NA,NA
"GCGTATGGACTACTAGGGTTTCTAATCCTGTTTGATACCCACACTTTCGAGCATCAGCGTCAGTTACAGTCCAGCAAGCTGCCTTCGCAATCGGAGTTCTTCGTGATATCTAAGCATTTCACCGCTACACCACGAATTCCGCCTGCCTCTACTGTACTCAAGACACCCAGTATCAACTGCAATTTTACGGTTGAGCCGCAAACTTTCACAACTGACTTAAGCGTCCGCCTACGCTCCCTTTAAACCCAATAAATCCGGATAACGCTCGGATCCTCCGTATTACCGCGGCTGCTGGCACGGAGTTAGCCGATCCTTATTCATTCACGCGGCATGGCTGCGTCAGGGTTGCCCCCATTGCGCAATATTCCCCACTGCTGCCTCCCGTAGGAGTAGGCGT","Bacteria",NA,NA,NA,NA,NA,NA
"AATGGACAGGACTACTAGGGTTTCTAATCCTGTTTGCTACCCACACTTTCGAGCCTCAGCGTCAGTTGGTGCCCAGTAGGCCGCCTTCGCCACTGGTGTTCCTCCCGATATCTACGCATTCCACCGCTACACCGGGAATTCCGCCTACCTCTGCACTACTCAAGAAAAACAGTTTTGAAAGCAGTTTATGGGTTGAGCCCATAGATTTCACTTCCAACTTGTCTTCCCGCCTGCGCTCCCTTTACACCCAGTAATTCCGGACAACGCTTGTGACCTACGTTTTACCGCGGCTGCTGGCACGTAGTTAGCCGTCACTTCCTTCACGCGGCGTTGCTGGGTCAGGCTTGCGCCCATTGCCCAATATTCCCCACTGCTGCCTCCCGTAGGAGTTCAGCT","Bacteria",NA,NA,NA,NA,NA,NA
"TTCCTGGAGGACTACACGGGTTTCTAATCCTGTTTGATACCCACACTTTCGAGCCTCAATGTCAGTTGCAGCTTAGCAGGCTGCCTTCGCAATCGGAGTTCTTCGTGATATCTAAGCATTTCACCGCTACACCACGAATTCCGCCTGCCTCAACTGCACTCAAGATATCCAGTATCAACTGCAATTTTACGGTTGAGCCGCAAACTTTCACAACTGACTTAAACATCCATCTACGCTCCCTTTAAACCCAATAAATCCGGATAACGCTCGGATCCTCCGTATTACCGCGGCTGCTGGCACGGAGTTAGCCGATCCTTATTCATTCACGCGGCATGGCTGCGTCAGGGTTGCCCCCATTGCGCAATATTCCCCACTGCTGCCTCCCGTAGGAGTAGGCGT","Bacteria","Proteobacteria",NA,NA,NA,NA,NA
"GCGTATGGACTACTAGGGTTTCTAATCCTGTTTGATCCCCACGCTTTCGTGCATCAGCGTCAGTCATGGCTTGGCAGGCTGCCTTCGCAATCGGGGTTCTGCGTGATATCTATGCATTTCACCGCTACACCACGCATTCCGCCTGCCTCAAACATACTCAAGCCCCCCAGTTTCAACGGCAATTCTATGGTTGAGCCACAGACTTTCACCGCTGACTTAAAAGGCCGCCTACGCACCCTTTAAACCCAATAAATCCGGATAACGCTCGGATCCTCCGTATTACCGCGGCTGCTGGCACGGAGTTAGCCGATCCTTATTCATTCACGCGGCATGGCTGCGTCAGGGTTGCCCCCATTGCGCAATATTCCCCACTGCTGCCTCCCGTAGGAGTAGGCGT","Bacteria",NA,NA,NA,NA,NA,NA
"AATGGACAGGACTACTAGGGTTTCTAATCCTGTTTGCTACCCACACTTTCGAGCCTCAGCGTCAGTTGGTGCCCAGTAGGCCGCCTTCGCCACTGGTGTTCCTCCCGATATCTACGCATTCCACCGCTACACCGGGAATTCCGCCTACCTCTGCACTACTCAAGAAAAACAGTTTTGAAAGCAGTTCATGGGTTGAGCCCATGGATTTCACTTCCAACTTGTCTTCCCGCCTGCGCTCCCTTTACACCCAGTAATTCCGGACAACGCTTGTGACCTACGTTTTACCGCGGCTGCTGGCACGTAGTTAGCCGTCACTTCCTTCACGCGGCGTTGCTGGGTCAGGCTTGCGCCCATTGCCCAATATTCCCCACTGCTGCCTCCCGTAGGAGTTCAGCT","Bacteria",NA,NA,NA,NA,NA,NA
"CGATGTGGACTACTAGGGTTTCTAATCCTGTTCGATACCCGCACTTTCGAGCTTCAGCGTCAGTTGCGCTCCAGTGAGCTGCCTTCGCAATCGGAGTTCTTCGTGATATCTAAGCATTTCACCGCTACACCACGAATTCCGCCCACTTTGTGCGTACTCAAGGAAACCAGTTCGCGCTGCAGTGCAGACGTTGAGCGTCTACATTTCACAACACGCTTAATCTCCTGCCTACGCTCCCTTTAAACCCAATAAATCCGGATAACGCCCGGACCTTCCGTATTACCGCGGCTGCTGGCACGGAATTAGCCGGTCCTTATTCATAAGGTACATGCAAAAAGTCTCACGCTACTTGGCTGGTTCAGACTCTCGTCCATTGACCAATATTCCTCACTGCTGCCTCCCGTAGGAGTCCATGA","Bacteria","Proteobacteria",NA,NA,NA,NA,NA
"CGACTGGACTACTAGGGTTTCTAATCCTGTTTGATACCCACACTTTCGAGCATCAGTGTCAGTTGCAGTCTAGTGAGCTGCCTTCGCAATCGGAGTTCTTCGTGATATCTAAGCATTTCACCGCTACACCACGAATTCCGCCCACCTCTACTGTACTCAAGACTGCCAGTTTCAACTGCAATTTTACGGTTGAGCCGCAAACTTTCACAACTGACTTAACAATCCACCTACGCTCCCTTTAAACCCAATAAATCCGGATAACGCTCGGATCCTCCGTATTACCGCGGCTGCTGGCACGGAGTTAGCCGATCCTTATTCATAGGGTACATACAAAATTCCACACTGCTGCCTCCCGTAGGAGTAGGCGT","Bacteria",NA,NA,NA,NA,NA,NA
"AATGGACAGGACTACTAGGGTTTCTAATCCTGTTTGCTCCCCACGCTTTCGCGCCTCAGCGTCAGTTACTGTCCAGTAGATCGCCTTCGCCACTGGTGTTCTTCCTTATATCTACGCATTTCACCGCTACACAAGGAATTCCATCTACCTCTCCAGCACTCAAGAGATACAGTTTCAAATGCAGTTTATGGGTTAAGCCCATAGATTTCACATCTGACTTGCATCCCCGCCTACGCGCCCTTTACACCCAGTAAATCCGGATAACGCTTGCACCATACGTATTACCGCGGCTGCTGGCACGTATTTAGCCGGTGCTTCTTAGTCAGGTACCGTCATCCTTCACGCTACTTGGCTGGTTCAGACTCTCGTCCATTGACCAATATTCCTCACTGCTGCCTCCCGTAGGAGTCCATGA","Bacteria",NA,NA,NA,NA,NA,NA
"CGATGTGGACTACTCGGGTTTCTAATCCTGTTTGCTCCCCACGCTTTCGAGCCTCAGCGTCAGTTATCGTCCAGTAAGCCGCCTTCGCCACTGGTGTTCCTCCTAATATCTACGCATTTCACCGCTACACTAGGAATTCCGCTTACCCCTCCGACACTCTAGTACGACAGTTTCCAATGCAGTACCGGGGTTGAGCCCCGGGCTTTCACATCAGACTTGCCGCACCGCCTGCGCTCCCTTTACACCCAGTAAATCCGGATAACGCTTGCACCATACGTATTACCGCGGCTGCTGGCACGTATTTAGCCGGTGCTTCTTAGTCAGGTACCGTCATCCTTCACGCTACTTGGCTGGTTCAGACTCTCGTCCATTGACCAATATTCCTCACTGCTGCCTCCCGTAGGAGTCCATGA","Bacteria",NA,NA,NA,NA,NA,NA
"TCAGCAGGGACTACTAGGGTTTCTAATCCTGTTTGCTCCCCACGCTTTCGTGCCTCAGTGTCAGTTTCAGTCCAGAAAGCCGCCTTCGCCACTGGTGTTCCTCCTAATATCTACGCATTTCACCGCTACACTAGGAATTCCGCTTTCCTCTCCTGTACTCTAGTTTGACAGTTTCAAAAGCAGTCCCGGGGTTGAGCCCCAGCCTTTCACTTCTGACTTGCCATACCACCTACGCACCCTTTACACCCAGTAAATCCGGATAACGCTTGCACCATACGTATTACCGCGGCTGCTGGCACGTATTTAGCCGGTGCTTCTTAGTCAGGTACCGTCATCCTTCACGCTACTTGGCTGGTTCAGACTCTCGTCCATTGACCAATATTCCTCACTGCTGCCTCCCGTAGGAGTCCATGA","Bacteria",NA,NA,NA,NA,NA,NA
"AGAATGCAGGACTACTAGGGTTTCTAATCCTGTTTGATACCCACACTTTCGAGCATCAGTGTCAGTTGCAGTCTAGTGAGCTGCCTTCGCAATCGGAGTTCTTCGTGATATCTAAGCATTTCACCGCTACACCACGAATTCCGCCCACCTCTACTGTACTCAAGACTGCCAGTTTCAACTGCAATTTTACGGTTGAGCCGCAAACTTTCACAACTGACTTAACAATCCACCTACGCTCCCTTTAAACCCAATAAATCCGGATAACGCTCGGATCCTCCGTATTACCGCGGCTGCTGGCACGGAGTTAGCCGATCCTTATTCATAGGGTACATACAAAATTCCACACTGCTGCCTCCCGTAGGAGTAGGCGT","Bacteria",NA,NA,NA,NA,NA,NA
"GACTCTGGACTACTAGGGTTTCTAATCCTGTTCGATACCCGCACTTTCGAGCTTCAGCGTCAGTTGCGCTCCAGAGAGCTGCCTTCGCAATCGGAGTTCTTCGTGATATCTAAGCATTTCACCGCTACACCACGAATTCCGCCCACTTTGTGCGTACTCAAGGAAACCAGTTCGCGCTGCAGTGCAGACGTTGAGCGTCTACATTTCACAACACGCTTAATCTCCGGCCTACGCTCCCTTTAAACCCAATAAATCCGGATAACGCCCGGACCTTCCGTATTACCGCGGCTGCTGGCACGGAATTAGCCGGTCCTTATTCATAAGGTACATGCAAAAAGTCTCACGCTACTTGGCTGGTTCAGACTCTCGTCCATTGACCAATATTCCTCACTGCTGCCTCCCGTAGGAGTCCATGA","Bacteria",NA,NA,NA,NA,NA,NA
"GGAACGGACTACTAGGGTTTCTAATCCTGTTTGCTACCCACACTTTCGAGCCTCAGCGTCAGTTGGTGCCCAGTAGGCCGCCTTCGCCACTGGTGTTCCTCCCGATATCTACGCATTCCACCGCTACACCGGGAATTCCGCCTACCTCTGCACTACTCAAGAAAAACAGTTTTGAAAGCAGTTCATGGGTTGAGCCCATGGATTTCACTTCCAACTTGTCTTCCCGCCTGCGCTCCCTTTACACCCAGTAATTCCGGACAACGCTTGTGACCTACGTTTTACCGCGGCTGCTGGCACGTAGTTAGCCGTCACTTCCTTCACGCGGCGTTGCTGGGTCAGGCTTGCGCCCATTGCCCAATATTCCCCACTGCTGCCTCCCGTAGGAGTTCAGCT","Bacteria",NA,NA,NA,NA,NA,NA
"TACAGAGAGGACTACTAGGGTTTCTAATCCTGTTCGATACCCGCACTTTCGAGCTTCAGCGTCAGTTGCGCTCCAGTGAGCTGCCTTCGCAATCGGAGTTCTTCGTGATATCTAAGCATTTCACCGCTACACCACGAATTCCGCCCACTTTGTGCGTACTCAAGGAAACCAGTTCGCGCTGCAGTTCAGATGTTGAGCATCTACATTTCACAACACGCTTAATCTCCGGCCTACGCTCCCTTTAAACCCAATAAATCCGGATAACGCCCGGACCTTCCGTATTACCGCGGCTGCTGGCACGGAATTAGCCGGTCCTTATTCATAAGGTACATGCAAAAAGTCTCACGCTACTTGGCTGGTTCAGACTCTCGTCCATTGACCAATATTCCTCACTGCTGCCTCCCGTAGGAGTCCATGA","Bacteria","Proteobacteria",NA,NA,NA,NA,NA
"TCAGCAGGGACTACTAGGGTTTCTAATCCTGTTCGATACCCACGCTTTCGTGCCTCAGCGTCTGTCGCACCCTAGCAGGCTGCCTTCGCAATCGGGGTTCTGCGTGATATCTATGCATTTCACCGCTACACCACGCATTCCGCCTGCCTCTTGTGCACTCTAGCTCGCCAGTTTCAACGGCACAGTCCGGGTTGAGCCCGAAAATTTCACCGCTGACTTGGCGTGCCGCCTACGCACCCTTTAAACCCAATAAATCCGGATAACGCTCGCATCCTCCGTATTACCGCGGCTGCTGGCACGGAGTTAGCCGATGCTTTTTCTTCGGATACTTGGCTGGTTCAGACTCTCGGCCATTGACCAATATTCCTCACTGCTGCCTCCCGTAGGAGTCCATGA","Bacteria",NA,NA,NA,NA,NA,NA
"CGACTGGACTACTAGGGTTTCTAATCCTGTTTGATACCCACACTTTCGAGCATCAGTGTCAGTAACAGTCTAGTGAGCTGCCTTCGCAATCGGAGTTCTTCGTGATATCTAAGCATTTCACCGCTACACCACGAATTCCGCCCACCTCTACTGTACTCAAGACTGCCAGTTTCAACTGCAATTTTACGGTTGAGCCGCAAACTTTCACAACTGACTTAACAATCCACCTACGCTCCCTTTAAACCCAATAAATCCGGATAACGCTCGGATCCTCCGTATTACCGCGGCTGCTGGCACGGAGTTAGCCGATCCTTATTCATAGGGTACATACAAAATTCCACACTGCTGCCTCCCGTAGGAGTAGGCGT","Bacteria","Proteobacteria",NA,NA,NA,NA,NA
"GGATTGGTGGACTACTAGGGTATCTAATCCTGTTTGCTACCCACACTTTCGAGCCTCAGCGTCAGTTGGTGCCCAGTAGGCCGCCTTCGCCACTGGTGTTCCTCCCGATATCTACGCATTCCACCGCTACACCGGGAATTCCGCCTACCTCTGCACTACTCAAGAAAAACAGTTTTGAAAGCAGTTTATGGGTTGAGCCCATAGATTTCACTTCCAACTTGTCTTCCCGCCTGCGCTCCCTTTACACCCAGTAATTCCGGACAACGCTTGTGACCTACGTTTTACCGCGGCTGCTGGCACGTAGTTAGCCGTCACTTCCTTCACGCGGCGTTGCTGGGTCAGGCTTGCGCCCATTGCCCAATATTCCCCACTGCTGCCTCCCGTAGGAGTACGGT","Bacteria",NA,NA,NA,NA,NA,NA
"AGTGGAGGACTACTAGGGTTTCTAATCCTGTTTGCTCCCCACGCTTTCGCGCCTCACCGTCAGTTACCGTCCAGTAATCCGCCTTCGCCACTGGTGTTCTTCCTTATATCTACGCATTTCACCGCTACACAAGGAATTCCGATTACCTCTCCGGCACTCAAGATGCACAGTTTCAAATGCAGTTTCAGGGTTGAGCCCTGAGATTTCACATCTGACTTGCGCACCCGGCTGCACGCCCTTTACACCCAGTAAATCCGGACAACGCTTGCCACCTACGTATTACCGCGGCTGCTGGCACGTAGTTAGCCGTGGCTTATTCTAGAGGTACCGTCTTCTGCTCTTCACGCGGCGTTGCTGGGTCAGGGTTTCCCCCATTGCCCAATATTCCCCACTGCTGCCTCCCGTAGGAGTACGGT","Bacteria",NA,NA,NA,NA,NA,NA
"GGATTGGTGGACTACTAGGGTTTCTAATCCTGTTTGCTCCCCACGCTTTCGCGCCTCACCGTCAGTTGTCGTCCAGCAATCCGCCTTCGCCACTGGTGTTCCTCCTAATATCTACGCATTTCACCGCTACACTAGGAATTCCGATTGCCTCTCCGATACTCAAGAAAAACAGTTTCAAATGCAGTTCACGAGTTGAGCCCGTGGATTTCACATCTGACTTGCCTTCCCGGCTACACGCCCTTTACACCCAGTAAATCCGGACAACGCTTGCCACCTACGTATTACCGCGGCTGCTGGCACGTAGTTAGCCGTGGCTTATTCTAGAGGTACCGTCTTCTGCTCTTCACGCGGCGTTGCTGGGTCAGGGTTTCCCCCATTGCCCAATATTCCCCACTGCTGCCTCCCGTAGGAGTACGGT","Bacteria",NA,NA,NA,NA,NA,NA
"CATAAGTGGACTACCAGGGTTTCTAATCCTGTTTGCTACCCACACTTTCGAGCCTCAGCGTCAGTTGGTGCCCAGTAGGCCGCCTTCGCCACTGGTGTTCCTCCCGATATCTACGCATTCCACCGCTACACCGGGAATTCCGCCTACCTCTGCACTACTCAAGACGACCAGTTTTGAAAGCAGTTCATGGGTTGAGCCCATGGATTTCACTTCCAACTTGATCGCCCGCCTGCGCTCCCTTTACACCCAGTAATTCCGGACAACGCTTGTGACCTACGTTTTACCGCGGCTGCTGGCACGTAGTTAGCCGTCACTTCCTTCACGCGGCGTTGCTGGGTCAGGCTTGCGCCCATTGCCCAATATTCCCCACTGCTGCCTCCCGTAGGAGTACGGT","Bacteria",NA,NA,NA,NA,NA,NA
"CCGGATATGGACTACCGGGGTTTCTAATCCTGTTCGCTACCCACGCTCTCGTGCATCAGCGTCAGTTACAGTCTGGTAAGCTGCCTTCGCTATCGGAGTTCTAAGTTATATCTATGCATTTCACCGCTACTTAACTTATTCCGCCTACCTCGTCTGTACTCCAGTTTACCAGTATTAATGGCACAATTGAGTTTAGCTCAAATATTTAACCACTAACTTAATAAACCGCCTACGCACCCTTTAAACCCAATAAATCCGGATAACGCTCGCATCCTCCGTATTACCGCGGCTGCTGGCACGGAGTTAGCCGATGCTTATTCATAAGGTACAGGCATCATTCTACACGTAGAACTTATTCCTCACTGCTGCCTCCCGTAGGAGTTGAATTC","Bacteria",NA,NA,NA,NA,NA,NA
"TACATGGACTACTAGGGTTTCTAATCCTGTTTGCTCCCCACGCTTTCGCGCCTCACCGTCAGTTGTCGTCCAGCAATCCGCCTTCGCCACTGGTGTTCCTCCTAATATCTACGCATTTCACCGCTACACTAGGAATTCCGATTGCCTCTCCGATACTCAAGAAGAGTAGTTTCAAATGCAGTTCACGAGTTGAGCCCGTGGATTTCACATCTGACTTGCCCTCCCGGCTACACGCCCTTTACACCCAGTAAATCCGGACAACGCTTGCCACCTACGTATTACCGCGGCTGCTGGCACGTAGTTAGCCGTGGCTTATTCTAGAGGTACCGTCTTCTGCTCTTCACGCGGCGTTGCTGGGTCAGGGTTTCCCCCATTGCCCAATATTCCCCACTGCTGCCTCCCGTAGGAGTACGGT","Bacteria",NA,NA,NA,NA,NA,NA
"GGATTGGTGGACTACTAGGGTTTCTAATCCTGTTTGCTCCCCACACTTTCGCGCCTCACCGTCAGTTATCGTCCAGCAATCCGCCTTCGCCACTGGTGTTCCTCCTAATATCTACGCATTTCACCGCTACACTAGGAATTCCGATTGCCCCTCCGACACTCAAGATCTACAGTTTCAAATGCAGTTCATGGGTTGAGCCCATGGATTTCACATCTGACTTGCAGACCCGGCTGCACGCCCTTTACACCCAGTAAATCCGGACAACGCTTGCCACCTACGTATTACCGCGGCTGCTGGCACGTAGTTAGCCGTGGCTTATTCTAGAGGTACCGTCTTCTGCTCTTCACGCGGCGTTGCTGGGTCAGGGTTTCCCCCATTGCCCAATATTCCCCACTGCTGCCTCCCGTAGGAGTACGGT","Bacteria",NA,NA,NA,NA,NA,NA
"TACATGGACTACTAGGGTATCTAATCCTGTTCGCTCCCCACGCTTTCGCGCCTCACCGTCAGTTACCGTCCAGTAATCCGCCTTCGCCACTGGTGTTCTTCCTTATATCTACGCATTTCACCGCTACACAAGGAATTCCGATTACCTCTCCGGCACTCAAGACATACAGTTTCAAATGCAGTTTCAGGGTTAAGCCCTGAGATTTCACATCTGACTTGCATGCCCGGCTGCACGCCCTTTACACCCAGTAAATCCGGACAACGCTTGCCACCTACGTATTACCGCGGCTGCTGGCACGTAGTTAGCCGTGGCTTATTCTAGAGGTACCGTCTTCTGCTCTTCACGCGGCGTTGCTGGGTCAGGGTTTCCCCCATTGCCCAATATTCCCCACTGCTGCCTCCCGTAGGAGTACGGT","Bacteria",NA,NA,NA,NA,NA,NA
"AGTGGAGGACTACTAGGGTTTCTAATCCTGTTTGCTCCCCACACTTTCGCGCCTCACCGTCAGTTATCGTCCAGCAATCCGCCTTCGCCACTGGTGTTCCTCCTAATATCTACGCATTTCACCGCTACACTAGGAATTCCGATTGCCCCTCCGACACTCAAGATCTACAGTTTCAAATGCAGTTCATGGGTTGAGCCCATGGATTTCACATCTGACTTGCAGACCCGGCTGCACGCCCTTTACACCCAGTAAATCCGGACAACGCTTGCCACCTACGTATTACCGCGGCTGCTGGCACGTAGTTAGCCGTGGCTTATTCTAGAGGTACCGTCTTCTGCTCTTCACGCGGCGTTGCTGGGTCAGGGTTTCCCCCATTGCCCAATATTCCCCACTGCTGCCTCCCGTAGGAGTACGGT","Bacteria",NA,NA,NA,NA,NA,NA
"TTCAGAGGACTACTCGGGTTTCTAATCCTGTTTGATCCCCACGCTTTCGTGCTTCAGTGTCAGTTATAGTTTAGTAAGCTGCCTTCGCAATCGGAGTTCTGCGTGATATCTATGCATTTCACCGCTACACCACGCATTCCGCCTACCTCAAATATACTCAAGTCAACCAGTTTCAACGGCAATTTTATGGTTGAGCCACAAACTTTCACCGCTGACTTAATTAACCACCTACGCACCCTTTAAACCCAATAAATCCGGATAACGCTCGCATCCTCCGTATTACCGCGGCTGCTGGCACGGAGTTAGCCGATGCTTATTCATAAGGTACAGGCATCATTCTACACGTAGAACTTATTCCTCACTGCTGCCTCCCGTAGGAGTTGAATTC","Bacteria","Proteobacteria",NA,NA,NA,NA,NA
"GCTCTAGGACTACTCGGGTATCTAATCCTGTTTGCTACCCACACTTTCGAGCCTCAGCGTCAGTTGGTGCCCAGTAGGCCGCCTTCGCCACTGGTGTTCCTCCCGATATCTACGCATTCCACCGCTACACCGGGAATTCCGCCTACCTCTGCACTACTCAAGAAAAACAGTTTTGAAAGCAGTTTATGGGTTGAGCCCATAGATTTCACTTCCAACTTGTCTTCCCGCCTGCGCTCCCTTTACACCCAGTAATTCCGGACAACGCTTGTGACCTACGTTTTACCGCGGCTGCTGGCACGTAGTTAGCCGTCACTTCCTTCACGCGGCGTTGCTGGGTCAGGCTTGCGCCCATTGCCCAATATTCCCCACTGCTGCCTCCCGTAGGAGTACGGT","Bacteria",NA,NA,NA,NA,NA,NA
"GGATTGGTGGACTACAAGGGTTTCTAATCCTGTTTGCTACCCACACTTTCGAGCCTCAGCGTCAGTTGGTGCCCAGTAGGCCGCCTTCGCCACTGGTGTTCCTCCCGATATCTACGCATTCCACCGCTACACCGGGAATTCCGCCTACCTCTGCACTACTCAAGAAAAACAGTTTTGAAAGCAGTTTATGGGTTGAGCCCATAGATTTCACTTCCAACTTGTCTTCCCGCCTGCGCTCCCTTTACACCCAGTAATTCCGGACAACGCTTGTGACCTACGTTTTACCGCGGCTGCTGGCACGTAGTTAGCCGTCACTTCCTTCACGCGGCGTTGCTGGGTCAGGCTTGCGCCCATTGCCCAATATTCCCCACTGCTGCCTCCCGTAGGAGTACGGT","Bacteria",NA,NA,NA,NA,NA,NA
"GTCGATTGGACTACAAGGGTTTCTAATCCTGTTTGCTACCCACACTTTCGAGCCTCAGCGTCAGTTGGTGCCCAGTAGGCCGCCTTCGCCACTGGTGTTCCTCCCGATATCTACGCATTCCACCGCTACACCGGGAATTCCGCCTACCTCTGCACTACTCAAGAAAAACAGTTTTGAAAGCAGTTCATGGGTTGAGCCCATGGATTTCACTTCCAACTTGTCTTCCCGCCTGCGCTCCCTTTACACCCAGTAATTCCGGACAACGCTTGTGACCTACGTTTTACCGCGGCTGCTGGCACGTAGTTAGCCGTCACTTCCTTCACGCGGCGTTGCTGGGTCAGGCTTGCGCCCATTGCCCAATATTCCCCACTGCTGCCTCCCGTAGGAGTACGGT","Bacteria",NA,NA,NA,NA,NA,NA
"TCGAAGAGGACTACTCGGGTTTCTAATCCTGTTTGCTACCCACACTTTCGAGCCTCAGCGTCAGTTGGTGCCCAGTAGGCCGCCTTCGCCACTGGTGTTCCTCCCGATATCTACGCATTCCACCGCTACACCGGGAATTCCGCCTACCTCTGCACTACTCAAGAAAAACAGTTTTGAAAGCAGTTCATGGGTTGAGCCCATGGATTTCACTTCCAACTTGTTCTCCCGCCTGCGCTCCCTTTACACCCAGTAATTCCGGACAACGCTTGTGACCTACGTTTTACCGCGGCTGCTGGCACGTAGTTAGCCGTCACTTCCTTCACGCGGCGTTGCTGGGTCAGGCTTGCGCCCATTGCCCAATATTCCCCACTGCTGCCTCCCGTAGGAGTACGGT","Bacteria",NA,NA,NA,NA,NA,NA
"GGATTGGTGGACTACTAGGGTATCTAATCCTGTTTGCTCCCCACGCTTTCGTGCCTCAACGTCAGATATAGTTTGGTAAGCTGCCTTCGCAATCGGTGTTCTGTATGATCTCTAAGCATTTCACCGCTACACCATACATTCCGCCTACCGCAACTACTCTCTAGCTCAACAGTATTAGAGGCACGTTCAGGGTTGAGCCCCGAAATTTCACCTCTAACTTATCAAACCGCCTACGCACCCTTTAAACCCAATAAATCCGGATAACGCTTGAATCCTCCGTATTACCGCGGCTGCTGGCACGGAGTTAGCCGATCCTTATTCGTACGATACTTGGCTGGTTCAGACTCTCGTCCATTGACCAATATTCCTCACTGCTGCCTCCCGTAGGAGTTCCGTAG","Bacteria",NA,NA,NA,NA,NA,NA
"CATCTGGACTACTAGGGTTTCTAATCCTGTTTGCTCCCCACACTTTCGCGCCTCACCGTCAGTTGCTGTCCAGCAATCCGCCTTCGCCACTGGTGTTCCTCCTAATATCTACGCATTTCACCGCTACACTAGGAATTCCGATTGCCTCTCCAGTACTCAAGAAATACAGTTTCAAATGCAGTTCATGGGTTAAGCCCATGGATTTCACATCTGACTTGCATTCCCGGCTGCACGCCCTTTACACCCAGTAAATCCGGACAACGCTTGCCACCTACGTATTACCGCGGCTGCTGGCACGTAGTTAGCCGTGGCTTATTCTAGAGGTACCGTCTTCTGCTCTTCACGCGGCGTTGCTGGGTCAGGGTTTCCCCCATTGCCCAATATTCCCCACTGCTGCCTCCCGTAGGAGTACGGT","Bacteria",NA,NA,NA,NA,NA,NA
"GTCGATTGGACTACTCGGGTTTCTAATCCTGTTTGCTACCCACACTTTCGAGCCTCAGCGTCAGTTGGTGCCCAGTAGGCCGCCTTCGCCACTGGTGTTCCTCCCGATATCTACGCATTCCACCGCTACACCGGGAATTCCGCCTACCTCTGCACTACTCAAGAAAAACAGTTTTGAAAGCAGTTCATGGGTTGAGCCCATGGATTTCACTTCCAACTTGTTCTCCCGCCTGCGCTCCCTTTACACCCAGTAATTCCGGACAACGCTTGTGACCTACGTTTTACCGCGGCTGCTGGCACGTAGTTAGCCGTCACTTCCTTCACGCGGCGTTGCTGGGTCAGGCTTGCGCCCATTGCCCAATATTCCCCACTGCTGCCTCCCGTAGGAGTACGGT","Bacteria",NA,NA,NA,NA,NA,NA
"GGATTGGTGGACTACTAGGGTTTCTAATCCTGTTTGCTCCCCACACTTTCGCGCCTCAGCGTCAGTTGTCGTCCAGAAAGCCGCCTTCGCCACTGGTGTTCCTCCTAATATCTACGCATTTCACCGCTACACTAGGAATTCCGCTTTCCTCTCCGATACTCAAGGCTGTCAGTTTCAATCGCAGCCCCGGGGTTAAGCCCCGGTATTTCACGACTGACTTGACAGTCCGCCTACGCGCCCTTTACACCCAGTAAATCCGGACAACGCTTGCCACCTACGTATTACCGCGGCTGCTGGCACGTAGTTAGCCGTGGCTTATTCTAGAGGTACCGTCTTCTGCTCTTCACGCGGCGTTGCTGGGTCAGGGTTTCCCCCATTGCCCAATATTCCCCACTGCTGCCTCCCGTAGGAGTACGGT","Bacteria",NA,NA,NA,NA,NA,NA
"GGATTGGTGGACTACTGGGGTATCTAATCCTGTTTGCTCCCCACACTTTCGCGCCTCACCGTCAGTTATCGTCCAGCAATCCGCCTTCGCCACTGGTGTTCCTCCTAATATCTACGCATTTCACCGCTACACTAGGAATTCCGATTGCCCCTCCGACACTCAAGATCTACAGTTTCAAATGCAGTTCATGGGTTGAGCCCATGGATTTCACATCTGACTTGCAGACCCGGCTGCACGCCCTTTACACCCAGTAAATCCGGACAACGCTTGCCACCTACGTATTACCGCGGCTGCTGGCACGTAGTTAGCCGTGGCTTATTCTAGAGGTACCGTCTTCTGCTCTTCACGCGGCGTTGCTGGGTCAGGGTTTCCCCCATTGCCCAATATTCCCCACTGCTGCCTCCCGTAGGAGTACGGT","Bacteria",NA,NA,NA,NA,NA,NA
"GGATTGGTGGACTACTAGGGTTTCTAATCCTGTTTGCTCCCCACGCTTTCGTGCCTCAACGTCAGATATAGTTTGGTAAGCTGCCTTCGCAATCGGTGTTCTGTATGATCTCTAAGCATTTCACCGCTACACCATACATTCCGCCTACCGCAACTACTCTCTAGCTCAACAGTATTAGAGGCACGTTCAGGGTTGAGCCCCGAAATTTCACCTCTAACTTATCAAACCGCCTACGCACCCTTTAAACCCAATAAATCCGGATAACGCTTGAATCCTCCGTATTACCGCGGCTGCTGGCACGGAGTTAGCCGATCCTTATTCGTACGATACTTGGCTGGTTCAGACTCTCGTCCATTGACCAATATTCCTCACTGCTGCCTCCCGTAGGAGTTCCGTAG","Bacteria",NA,NA,NA,NA,NA,NA
"GGATTGGTGGACTACTAGGGTTTCTAATCCTGTTTGCTACCCACACTTTCGAGCCTCAGCGTCAGTTGGTGCCCAGTAGGCCGCCTTCGCCACTGGTGTTCCTCCCGATATCTACGCATTCCACCGCTACACCGGGAATTCCGCCTACCTCTGCACTACTCAAGAAAAACAGTTTTGAAAGCAGTTTATGGGTTGAGCCCATAGATTTCACTTCCAACTTGTCTTCCCGCCTGCGCTCCCTTTACACCCAGTAATTCCGGACAACGCTTGTGACCTACGTTTTACCGCGGCTGCTGGCACGTAGTTAGCCGTCACTTCCTTCACGCGGCGTTGCTGGGTCAGGCTTGCGCCCATTGCCCAATATTCCCCACTGCTGCCTCCCGTAGGAGTACGGT","Bacteria",NA,NA,NA,NA,NA,NA
"GTCAAGGACTACTAGGGTTTCTAATCCTGTTTGATCCCCACGCTTTCGTGCTTCAGTGTCAGTTATGGTTTAGTAAGCTGCCTTCGCAATCGGAGTTCTGCGTGATATCTATGCATTTCACCGCTACACCACGCATTCCGCCTACCTCAAACACACTCAAGTAACCCAGTTTCAACGGCAATTTTATGGTTGAGCCACAAACTTTCACCGCTGACTTAAATCACCACCTACGCACCCTTTAAACCCAATAAATCCGGATAACGCTCGCATCCTCCGTATTACCGCGGCTGCTGGCACGGAGTTAGCCGATGCTTATTCATAAGGTACAGGCATCATTCTACACGTAGAACTTATTCCTCACTGCTGCCTCCCGTAGGAGTTGAATTC","Bacteria",NA,NA,NA,NA,NA,NA
"TAGCATGCACTCCTACGGGAGGCAGCAGTGAGGAATATTGGTCAATGGGCGAGAGCCTGAACCAGCCAAGTAGCGTGAAGGATGACTGCCCTATGGGTTGTAAACTTCTTTTATAAAGGAATAAAGTCGGGTATGGATACCCGTTTGCATGTACTTTATGAATAAGGATCGGCTAACTCCGTGCCAGCAGCCGCGGTAATACGGAGGATCCGAGCGTTATCCGGATTTATTGGGTTTAAAGGGAGCGTAGATGGATGTTTAAGTCAGTTG","Bacteria","Bacteroidota","Bacteroidia","Bacteroidales","Bacteroidaceae","Bacteroides",NA
"GCTCTAGGACTACCCGGGTTTCTAATCCTGTTTGCTACCCACACTTTCGAGCCTCAGCGTCAGTTGGTGCCCAGTAGGCCGCCTTCGCCACTGGTGTTCCTCCCGATATCTACGCATTCCACCGCTACACCGGGAATTCCGCCTACCTCTGCACTACTCAAGAAAAACAGTTTTGAAAGCAGTTTATGGGTTGAGCCCATAGATTTCACTTCCAACTTGTCTTCCCGCCTGCGCTCCCTTTACACCCAGTAATTCCGGACAACGCTTGTGACCTACGTTTTACCGCGGCTGCTGGCACGTAGTTAGCCGTCACTTCCTTCACGCGGCGTTGCTGGGTCAGGCTTGCGCCCATTGCCCAATATTCCCCACTGCTGCCTCCCGTAGGAGTACGGT","Bacteria",NA,NA,NA,NA,NA,NA
"GAACTTCGGACTACTAGGGTATCTAATCCTGTTTGATACCCACACTTTCGAGCATCAGCGTCAGTTACAGTCCAGCAAGCTGCCTTCGCAATCGGAGTTCTTCGTGATATCTAAGCATTTCACCGCTACACCACGAATTCCGCCTGCCTCTACTGTACTCAAGACACCCAGTATCAACTGCAATTTTACGGTTGAGCCGCAAACTTTCACAACTGACTTAAGCGTCCGCCTACGCTCCCTTTAAACCCAATAAATCCGGATAACGCTCGGATCCTCCGTATTACCGCGGCTGCTGGCACGGAGTTAGCCGATCCTTATTCATACGGTACATACAAAAAGGCACACGTGCCTCACTGCTGCCTCCCGTAGGAGTTAAGC","Bacteria",NA,NA,NA,NA,NA,NA
"CCATGGGTGGACTACTAGGGTATCTAATCCTGTTTGATACCCACACTTTCGAGCATCAGTGTCAGTAACAGTCTAGTGAGCTGCCTTCGCAATCGGAGTTCTTCGTGATATCTAAGCATTTCACCGCTACACCACGAATTCCGCCCACCTCTACTGTACTCAAGACTGCCAGTTTCAACTGCAATTTTACGGTTGAGCCGCAAACTTTCACAACTGACTTAACAATCCACCTACGCTCCCTTTAAACCCAATAAATCCGGATAACGCTCGGATCCTCCGTATTACCGCGGCTGCTGGCACGGAGTTAGCCGATCCTTATTCGTACGATACTTGGCTGGTTCAGACTCTCGTCCATTGACCAATATTCCTCACTGCTGCCTCCCGTAGGAGTTATCTC","Bacteria","Proteobacteria","Alphaproteobacteria",NA,NA,NA,NA
"TCTCAGTCGGACTACTAGGGTTTCTAATCCTGTTTGATACCCACACTTTCGAGCCTCAATGTCAGTTGCAGCTTAGCAGGCTGCCTTCGCAATCGGAGTTCTTCGTGATATCTAAGCATTTCACCGCTACACCACGAATTCCGCCTGCCTCAACTGCACTCAAGACATCCAGTATCAACTGCAATTTTACGGTTGAGCCGCAAACTTTCACAACTGACTTAAACATCCATCTACGCTCCCTTTAAACCCAATAAATCCGGATAACGCTCGGATCCTCCGTATTACCGCGGCTGCTGGCACGGAGTTAGCCGATCCTTATTCGTACGATACTTGGCTGGTTCAGACTCTCGTCCATTGACCAATATTCCTCACTGCTGCCTCCCGTAGGAGTTATCTC","Bacteria","Proteobacteria",NA,NA,NA,NA,NA
"TGGTACGTGGACTACCCGGGTTTCTAATCCTGTTTGATACCCACACTTTCGAGCCTCAATGTCAGTTGCAGCTTAGCAGGCTGCCTTCGCAATCGGAGTTCTTCGTGATATCTAAGCATTTCACCGCTACACCACGAATTCCGCCTGCCTCAACTGCACTCAAGATATCCAGTATCAACTGCAATTTTACGGTTGAGCCGCAAACTTTCACAACTGACTTAAACATCCATCTACGCTCCCTTTAAACCCAATAAATCCGGATAACGCTCGGATCCTCCGTATTACCGCGGCTGCTGGCACGGAGTTAGCCGATCCTTATTCGTACGATACTTGGCTGGTTCAGACTCTCGTCCATTGACCAATATTCCTCACTGCTGCCTCCCGTAGGAGTTATCTC","Bacteria","Proteobacteria",NA,NA,NA,NA,NA
"CATCTGGACTACTAGGGTTTCTAATCCTGTTTGATACCCACACTTTCGAGCATCAATGTCAGTTACAGGTTAGTAAGCTGCCTTCGCAATCGGAGTTCTTCGTGATATCTAAGCATTTCACCGCTACACCACGAATTCCGCCTACCTCAACTGTACTCAAGACTGCCAGTATCAATTGCAATTTTACGGTTGAGCCGCAAACTTTCACAACTGACTTAACAACCCATCTACGCTCCCTTTAAACCCAATAAATCCGGATAACGCTCGGATCCTCCGTATTACCGCGGCTGCTGGCACGGAGTTAGCCGATCCTTATTCGTACGATACTTGGCTGGTTCAGACTCTCGTCCATTGACCAATATTCCTCACTGCTGCCTCCCGTAGGAGTTATCTC","Bacteria",NA,NA,NA,NA,NA,NA
"ATTGAGGACTACTGGGGTTTCTAATCCTGTTTGATACCCACACTTTCGAGCATCAGCGTCAGTTACAGTCCAGCAGGCTGCCTTCGCAATCGGAGTTCTTCGTGATATCTAAGCATTTCACCGCTACACCACGAATTCCGCCTGCCTCTACTGTACTCAAGACACCCAGTATCAACTGCAATTTTACGGTTGAGCCGCAAACTTTCACAACTGACTTAAGCGTCCGCCTACGCTCCCTTTAAACCCAATAAATCCGGATAACGCTCGGATCCTCCGTATTACCGCGGCTGCTGGCACGGAGTTAGCCGATCCTTATTCATACGGTACATACAAAAAGGCACACGTGCCTCACTGCTGCCTCCCGTAGGAGTTAAGC","Bacteria",NA,NA,NA,NA,NA,NA
"CCATGGGTGGACTACTAGGGTATCTAATCCTGTTTGCTACCCACACTTTCGAGCCTCAGCGTCAGTTGGTGCCCAGTAGGCCGCCTTCGCCACTGGTGTTCCTCCCGATATCTACGCATTCCACCGCTACACCGGGAATTCCGCCTACCTCTGCACTACTCAAGAAAAACAGTTTTGAAAGCAGTTCATGGGTTGAGCCCATGGATTTCACTTCCAACTTGTTCTCCCGCCTGCGCTCCCTTTACACCCAGTAATTCCGGACAACGCTTGTGACCTACGTTTTACCGCGGCTGCTGGCACGTAGTTAGCCGTCACTTCCTTCACGCGGCGTTGCTGGGTCAGGCTTGCGCCCATTGCCCAATATTCCCCACTGCTGCCTCCCGTAGGAGTACGGT","Bacteria",NA,NA,NA,NA,NA,NA
"ACGTGGTAGGACTACTAGGGTTTCTAATCCTGTTTGCTACCCACACTTTCGAGCCTCAGCGTCAGTTGGTGCCCAGTAGGCCGCCTTCGCCACTGGTGTTCCTCCCGATATCTACGCATTCCACCGCTACACCGGGAATTCCGCCTACCTCTGCACTACTCAAGACGACCAGTTTTGAAAGCAGTTCATGGGTTGAGCCCATGGATTTCACTTCCAACTTGATCGCCCGCCTGCGCTCCCTTTACACCCAGTAATTCCGGACAACGCTTGTGACCTACGTTTTACCGCGGCTGCTGGCACGTAGTTAGCCGTCACTTCCTTCACGCGGCGTTGCTGGGTCAGGCTTGCGCCCATTGCCCAATATTCCCCACTGCTGCCTCCCGTAGGAGTACGGT","Bacteria",NA,NA,NA,NA,NA,NA
"CGCTGATGGACTACTAGGGTTTCTAATCCTGTTTGATACCCACACTTTCGAGCCTCAATGTCAGTTGCAGCTTAGCAGGCTGCCTTCGCAATCGGAGTTCTTCGTGATATCTAAGCATTTCACCGCTACACCACGAATTCCGCCTGCCTCAACTGCACTCAAGATATCCAGTATCAACTGCAATTTTACGGTTGAGCCGCAAACTTTCACAACTGACTTAAACATCCATCTACGCTCCCTTTAAACCCAATAAATCCGGATAACGCTCGGATCCTCCGTATTACCGCGGCTGCTGGCACGGAGTTAGCCGATCCTTATTCGTACGATACTTGGCTGGTTCAGACTCTCGTCCATTGACCAATATTCCTCACTGCTGCCTCCCGTAGGAGTTATCTC","Bacteria",NA,NA,NA,NA,NA,NA
"AGTGGAGGACTACTAGGGTTTCTAATCCTGTTCGCTCCCCACGCTTTCGTGCCTCAGCGTCAGTAATAGCTTGGAAAGCTGCCTTCGCAATCGGTGTTCTGTGTGATATCTAAGCATTTCACCGCTACACCACACATTCCGCCTTCCGCAACTACACTCTAGTCTCTCAGTATCAGAGGCAATTTCGACGTTGAGCGTCGAGCTTTCACCTCTAACTTAAAAAACAGCCTACGCACCCTTTAAACCCAATAAATCCGGATAACGCTCGGATCCTCCGTATTACCGCGGCTGCTGGCACGGAGTTAGCCGATCCTTATTCGTACGATACTTGGCTGGTTCAGACTCTCGTCCATTGACCAATATTCCTCACTGCTGCCTCCCGTAGGAGTTATCTC","Bacteria",NA,NA,NA,NA,NA,NA
"ATTGAGGACTACTAGGGTTTCTAATCCTGTTTGATACCCACACTTTCGAGCATCAGCGTCAGTTACAATCCAGTAAGCTGCCTTCGCAATCGGAGTTCTTCGTGATATCTAAGCATTTCACCGCTACACCACGAATTCCGCCTACCTCTGTTGCACTCAAGGTCGCCAGTATCAACTGCAATTTTACGGTTGAGCCGCAAACTTTCACAACTGACTTAACAACCCGCCTACGCTCCCTTTAAACCCAATAAATCCGGATAACGCTCGGATCCTCCGTATTACCGCGGCTGCTGGCACGGAGTTAGCCGATCCTTATTCGTACGATACTTGGCTGGTTCAGACTCTCGTCCATTGACCAATATTCCTCACTGCTGCCTCCCGTAGGAGTTATCTC","Bacteria",NA,NA,NA,NA,NA,NA
"CATAAGTGGACTACCAGGGTTTCTAATCCTGTTTGATACCCACACTTTCGAGCATCAGCGTCAGTTACAGTCCAGCAAGCTGCCTTCGCAATCGGAGTTCTTCGTGATATCTAAGCATTTCACCGCTACACCACGAATTCCGCCTGCCTCTACTGTACTCAAGACACCCAGTATCAACTGCAATTTTACGGTTGAGCCGCAAACTTTCACAACTGACTTAAGCGTCCGCCTACGCTCCCTTTAAACCCAATAAATCCGGATAACGCTCGGATCCTCCGTATTACCGCGGCTGCTGGCACGGAGTTAGCCGATCCTTATTCATACGGTACATACAAAAAGGCACACGTGCCTCACTGCTGCCTCCCGTAGGAGTTAAGC","Bacteria",NA,NA,NA,NA,NA,NA
"AGTGGAGGACTACTAGGGTTTCTAATCCTGTTTGATACCCACACTTTCGAGCATCAGCGTCAGTTACAGTCCAGTAAGCTGCCTTCGCAATCGGAGTTCTTCGTGATATCTAAGCATTTCACCGCTACACCACGAATTCCGCCTACCTATGCTGCACTCAAGGCGCCCAGTATCAACTGCAATTTTACGGTTGAGCCGCAAACTTTCACAACTGACTTAAGCACCCGCCTACGCTCCCTTTAAACCCAATAAATCCGGATAACGCTCGGATCCTCCGTATTACCGCGGCTGCTGGCACGGAGTTAGCCGATCCTTATTCGTACGATACTTGGCTGGTTCAGACTCTCGTCCATTGACCAATATTCCTCACTGCTGCCTCCCGTAGGAGTTATCTC","Bacteria",NA,NA,NA,NA,NA,NA
"CCAGCTGGACTACCCGGGTTTCTAATCCTGTTTGCTACCCACACTTTCGAGCCTCAGCGTCAGTTGGTGCCCAGTAGGCCGCCTTCGCCACTGGTGTTCCTCCCGATATCTACGCATTCCACCGCTACACCGGGAATTCCGCCTACCTCTGCACTACTCAAGAAAAACAGTTTTGAAAGCAGTTCATGGGTTGAGCCCATGGATTTCACTTCCAACTTGTCTTCCCGCCTGCGCTCCCTTTACACCCAGTAATTCCGGACAACGCTTGTGACCTACGTTTTACCGCGGCTGCTGGCACGTAGTTAGCCGTCACTTCCTTCACGCGGCGTTGCTGGGTCAGGCTTGCGCCCATTGCCCAATATTCCCCACTGCTGCCTCCCGTAGGAGTACGGT","Bacteria",NA,NA,NA,NA,NA,NA
"AGTGGAGGACTACTCGGGTTTCTAATCCTGTTTGATACCCACACTTTCGAGCCTCAATGTCAGTTGCAGCTTAGCAGGCTGCCTTCGCAATCGGAGTTCTTCGTGATATCTAAGCATTTCACCGCTACACCACGAATTCCGCCTGCCTCAACTGCACTCAAGATATCCAGTATCAACTGCAATTTTACGGTTGAGCCGCAAACTTTCACAACTGACTTAAACATCCATCTACGCTCCCTTTAAACCCAATAAATCCGGATAACGCTCGGATCCTCCGTATTACCGCGGCTGCTGGCACGGAGTTAGCCGATCCTTATTCGTACGATACTTGGCTGGTTCAGACTCTCGTCCATTGACCAATATTCCTCACTGCTGCCTCCCGTAGGAGTTATCTC","Bacteria",NA,NA,NA,NA,NA,NA
"ATTGAGGACTACTAGGGTTTCTAATCCTGTTTGATACCCACACTTTCGAGCATCAGCGTCAGTTACACTCCAGTGAGCTGCCTTCGCAATCGGAGTTCTTCGTGATATCTAAGCATTTCACCGCTACACCACGAATTCCGCCCACCTCTGCTGCACTCAAGGATACCAGTATCAACTGCAATTTTACGGTTGAGCCGCAAACTTTCACAACTGACTTAATACCCCGCCTACGCTCCCTTTAAACCCAATAAATCCGGATAACGCTCGGATCCTCCGTATTACCGCGGCTGCTGGCACGGAGTTAGCCGATCCTTATTCGTACGATACTTGGCTGGTTCAGACTCTCGTCCATTGACCAATATTCCTCACTGCTGCCTCCCGTAGGAGTTATCTC","Bacteria",NA,NA,NA,NA,NA,NA
"CCAGCTGGACTACTCGGGTTTCTAATCCTGTTCGATACCCGCACTTTCGAGCTTCAGCGTCAGTTGCGCTCCAGTGAGCTGCCTTCGCAATCGGAGTTCTTCGTGATATCTAAGCATTTCACCGCTACACCACGAATTCCGCCCACTTTGTGCGTACTCAAGGAAACCAGTTCGCGCTGCAGTGCAGACGTTGAGCGTCTACATTTCACAACACGCTTAATCTCCGGCCTACGCTCCCTTTAAACCCAATAAATCCGGATAACGCCCGGACCTTCATCCTTCACGCTACTTGGCTGGTTCAGACTCTCGTCCATTGACCAATATTCCTCACTGCTGCCTCCCGTAGGAGTATCCT","Bacteria",NA,NA,NA,NA,NA,NA
"ATTGAGGACTACTAGGGTTTCTAATCCTGTTTGATACCCACACTTTCGAGCATCAGCGTCAGTTACAGTCCAGCAAGCTGCCTTCGCAATCGGAGTTCTTCGTGATATCTAAGCATTTCACCGCTACACCACGAATTCCGCCTGCCTCTACTGTACTCAAGACACCCAGTATCAACTGCAATTTTACGGTTGAGCCGCAAACTTTCACAACTGACTTAAGCGTCCGCCTACGCTCCCTTTAAACCCAATAAATCCGGATAACGCTCGGATCCTCCGTATTACCGCGGCTGCTGGCACGGAGTTAGCCGATCCTTATTCATACGGTACATACAAAAAGGCACACGTGCCTCACTGCTGCCTCCCGTAGGAGTTAAGC","Bacteria",NA,NA,NA,NA,NA,NA
"CCATGGGTGGACTACTGGGGTATCTAATCCTGTTTGATACCCACACTTTCGAGCCTCAATGTCAGTTGCAGCTTAGCAGGCTGCCTTCGCAATCGGAGTTCTTCGTGATATCTAAGCATTTCACCGCTACACCACGAATTCCGCCTGCCTCAACTGCACTCAAGATATCCAGTATCAACTGCAATTTTACGGTTGAGCCGCAAACTTTCACAACTGACTTAAACATCCATCTACGCTCCCTTTAAACCCAATAAATCCGGATAACGCTCGGATCCTCCGTATTACCGCGGCTGCTGGCACGGAGTTAGCCGATCCTTATTCGTACGATACTTGGCTGGTTCAGACTCTCGTCCATTGACCAATATTCCTCACTGCTGCCTCCCGTAGGAGTTATCTC","Bacteria",NA,NA,NA,NA,NA,NA
"CCAGCTGGACTACTCGGGTATCTAATCCTGTTCGATACCCGCACTTTCGAGCTTCAGCGTCAGTTGCGCTCCAGTGAGCTGCCTTCGCAATCGGAGTTCTTCGTGATATCTAAGCATTTCACCGCTACACCACGAATTCCGCCCACTTTGTGCGTACTCAAGGAAACCAGTTCGCGCTGCAGTGCAGACGTTGAGCGTCTACATTTCACAACACGCTTAATCTCCGGCCTACGCTCCCTTTAAACCCAATAAATCCGGATAACGCCCGGACCTTCATCCTTCACGCTACTTGGCTGGTTCAGACTCTCGTCCATTGACCAATATTCCTCACTGCTGCCTCCCGTAGGAGTATCCT","Bacteria",NA,NA,NA,NA,NA,NA
"AGTGGAGGACTACTAGGGTTTCTAATCCTGTTTGATACCCACACTTTCGAGCATCAGCGTCAGTTACAGTCCAGTAAGCTGCCTTCGCAATCGGAGTTCTTCGTGATATCTAAGCATTTCACCGCTACACCACGAATTCCGCCTACCTCTACTGCACTCAAGACGACCAGTATCAACTGCAATTTTACGGTTGAGCCGCAAACTTTCACAGCTGACTTAATAGTCCGCCTACGCTCCCTTTAAACCCAATAAATCCGGATAACGCTCGGATCCTCCGTATTACCGCGGCTGCTGGCACGGAGTTAGCCGATCCTTATTCGTACGATACTTGGCTGGTTCAGACTCTCGTCCATTGACCAATATTCCTCACTGCTGCCTCCCGTAGGAGTTATCTC","Bacteria",NA,NA,NA,NA,NA,NA
"GTCAAGGACTACAAGGGTATCTAATCCTGTTTGCTACCCACACTTTCGAGCCTCAGCGTCAGTTGGTGCCCAGTAGGCCGCCTTCGCCACTGGTGTTCCTCCCGATATCTACGCATTCCACCGCTACACCGGGAATTCCGCCTACCTCTGCACTACTCAAGAAAAACAGTTTTGAAAGCAGTTTATGGGTTGAGCCCATAGATTTCACTTCCAACTTGTCTTCCCGCCTGCGCTCCCTTTACACCCAGTAATTCCGGACAACGCTTGTGACCTACGTTTTACCGCGGCTGCTGGCACGTAGTTAGCCGTCACTTCCTTCACGCGGCGTTGCTGGGTCAGGCTTGCGCCCATTGCCCAATATTCCCCACTGCTGCCTCCCGTAGGAGTACGGT","Bacteria",NA,NA,NA,NA,NA,NA
"CGCTTGGACTACTAGGGTATCTAATCCTGTTTGCTACCCACACTTTCGAGCCTCAGCGTCAGTTGGTGCCCAGTAGGCCGCCTTCGCCACTGGTGTTCCTCCCGATATCTACGCATTCCACCGCTACACCGGGAATTCCGCCTACCTCTGCACTACTCAAGAAAAACAGTTTTGAAAGCAGTTCATGGGTTGAGCCCATGGATTTCACTTCCAACTTGTCTTCCCGCCTGCGCTCCCTTTACACCCAGTAATTCCGGACAACGCTTGTGACCTACGTTTTACCGCGGCTGCTGGCACGTAGTTAGCCGTCACTTCCTTCACGCGGCGTTGCTGGGTCAGGCTTGCGCCCATTGCCCAATATTCCCCACTGCTGCCTCCCGTAGGAGTACGGT","Bacteria",NA,NA,NA,NA,NA,NA
